-- MySQL dump 10.13  Distrib 8.0.26, for Win64 (x86_64)
--
-- Host: localhost    Database: vk
-- ------------------------------------------------------
-- Server version	8.0.26

/*!40101 SET @OLD_CHARACTER_SET_CLIENT=@@CHARACTER_SET_CLIENT */;
/*!40101 SET @OLD_CHARACTER_SET_RESULTS=@@CHARACTER_SET_RESULTS */;
/*!40101 SET @OLD_COLLATION_CONNECTION=@@COLLATION_CONNECTION */;
/*!50503 SET NAMES utf8mb4 */;
/*!40103 SET @OLD_TIME_ZONE=@@TIME_ZONE */;
/*!40103 SET TIME_ZONE='+00:00' */;
/*!40014 SET @OLD_UNIQUE_CHECKS=@@UNIQUE_CHECKS, UNIQUE_CHECKS=0 */;
/*!40014 SET @OLD_FOREIGN_KEY_CHECKS=@@FOREIGN_KEY_CHECKS, FOREIGN_KEY_CHECKS=0 */;
/*!40101 SET @OLD_SQL_MODE=@@SQL_MODE, SQL_MODE='NO_AUTO_VALUE_ON_ZERO' */;
/*!40111 SET @OLD_SQL_NOTES=@@SQL_NOTES, SQL_NOTES=0 */;

--
-- Table structure for table `communities`
--

DROP TABLE IF EXISTS `communities`;
/*!40101 SET @saved_cs_client     = @@character_set_client */;
/*!50503 SET character_set_client = utf8mb4 */;
CREATE TABLE `communities` (
  `id` bigint unsigned NOT NULL AUTO_INCREMENT,
  `name` varchar(150) DEFAULT NULL,
  `admin_user_id` bigint unsigned NOT NULL,
  UNIQUE KEY `id` (`id`),
  KEY `communities_name_idx` (`name`),
  KEY `admin_user_id` (`admin_user_id`),
  CONSTRAINT `communities_ibfk_1` FOREIGN KEY (`admin_user_id`) REFERENCES `users` (`id`)
) ENGINE=InnoDB AUTO_INCREMENT=8 DEFAULT CHARSET=utf8mb4 COLLATE=utf8mb4_0900_ai_ci;
/*!40101 SET character_set_client = @saved_cs_client */;

--
-- Dumping data for table `communities`
--

LOCK TABLES `communities` WRITE;
/*!40000 ALTER TABLE `communities` DISABLE KEYS */;
INSERT INTO `communities` VALUES (1,'Джигурда Official',71),(2,'Басков Official',71),(3,'Киркоров Official',71),(4,'Билан Official',71),(5,'Бузова Official',71),(6,'Боня Official',71),(7,'Ксения С. Official',71);
/*!40000 ALTER TABLE `communities` ENABLE KEYS */;
UNLOCK TABLES;

--
-- Table structure for table `friend_requests`
--

DROP TABLE IF EXISTS `friend_requests`;
/*!40101 SET @saved_cs_client     = @@character_set_client */;
/*!50503 SET character_set_client = utf8mb4 */;
CREATE TABLE `friend_requests` (
  `initiator_user_id` bigint unsigned NOT NULL,
  `target_user_id` bigint unsigned NOT NULL,
  `status` enum('requested','approved','declined','unfriended') DEFAULT NULL,
  `requested_at` datetime DEFAULT CURRENT_TIMESTAMP,
  `updated_at` datetime DEFAULT NULL ON UPDATE CURRENT_TIMESTAMP,
  PRIMARY KEY (`initiator_user_id`,`target_user_id`),
  KEY `target_user_id` (`target_user_id`),
  CONSTRAINT `friend_requests_ibfk_1` FOREIGN KEY (`initiator_user_id`) REFERENCES `users` (`id`),
  CONSTRAINT `friend_requests_ibfk_2` FOREIGN KEY (`target_user_id`) REFERENCES `users` (`id`),
  CONSTRAINT `friend_requests_chk_1` CHECK ((`initiator_user_id` <> `target_user_id`))
) ENGINE=InnoDB DEFAULT CHARSET=utf8mb4 COLLATE=utf8mb4_0900_ai_ci;
/*!40101 SET character_set_client = @saved_cs_client */;

--
-- Dumping data for table `friend_requests`
--

LOCK TABLES `friend_requests` WRITE;
/*!40000 ALTER TABLE `friend_requests` DISABLE KEYS */;
INSERT INTO `friend_requests` VALUES (1,31,'approved','2021-09-12 23:22:22','2021-09-12 23:22:22'),(2,32,'approved','2021-09-12 23:22:22','2021-09-12 23:22:22'),(3,33,'approved','2021-09-12 23:22:22','2021-09-12 23:22:22'),(4,34,'approved','2021-09-12 23:22:22','2021-09-12 23:22:22'),(5,35,'approved','2021-09-12 23:22:22','2021-09-12 23:22:22'),(6,36,'approved','2021-09-12 23:22:22','2021-09-12 23:22:22'),(7,37,'approved','2021-09-12 23:22:22','2021-09-12 23:22:22'),(8,38,'approved','2021-09-12 23:22:22','2021-09-12 23:22:22'),(9,39,'approved','2021-09-12 23:22:22','2021-09-12 23:22:22'),(10,40,'approved','2021-09-12 23:22:22','2021-09-12 23:22:22'),(11,41,'approved','2021-09-12 23:22:22','2021-09-12 23:22:22'),(12,42,'approved','2021-09-12 23:22:22','2021-09-12 23:22:22'),(13,43,'approved','2021-09-12 23:22:22','2021-09-12 23:22:22'),(14,44,'approved','2021-09-12 23:22:22','2021-09-12 23:22:22'),(15,45,'approved','2021-09-12 23:22:22','2021-09-12 23:22:22'),(16,46,'approved','2021-09-12 23:22:22','2021-09-12 23:22:22'),(17,47,'approved','2021-09-12 23:22:22','2021-09-12 23:22:22'),(18,48,'approved','2021-09-12 23:22:22','2021-09-12 23:22:22'),(19,49,'approved','2021-09-12 23:22:22','2021-09-12 23:22:22'),(20,50,'approved','2021-09-12 23:22:22','2021-09-12 23:22:22'),(21,51,'approved','2021-09-12 23:22:22','2021-09-12 23:22:22'),(22,52,'approved','2021-09-12 23:22:22','2021-09-12 23:22:22'),(23,53,'approved','2021-09-12 23:22:22','2021-09-12 23:22:22'),(24,54,'approved','2021-09-12 23:22:22','2021-09-12 23:22:22'),(25,55,'approved','2021-09-12 23:22:22','2021-09-12 23:22:22'),(26,56,'approved','2021-09-12 23:22:22','2021-09-12 23:22:22'),(27,57,'approved','2021-09-12 23:22:22','2021-09-12 23:22:22'),(28,58,'approved','2021-09-12 23:22:22','2021-09-12 23:22:22'),(29,59,'approved','2021-09-12 23:22:22','2021-09-12 23:22:22'),(30,60,'approved','2021-09-12 23:22:22','2021-09-12 23:22:22'),(31,61,'requested','2021-09-12 23:22:55','2021-09-12 23:22:55'),(32,62,'requested','2021-09-12 23:22:55','2021-09-12 23:22:55'),(33,63,'requested','2021-09-12 23:22:55','2021-09-12 23:22:55'),(34,64,'requested','2021-09-12 23:22:55','2021-09-12 23:22:55'),(35,65,'requested','2021-09-12 23:22:55','2021-09-12 23:22:55'),(36,66,'requested','2021-09-12 23:22:55','2021-09-12 23:22:55'),(37,67,'requested','2021-09-12 23:22:55','2021-09-12 23:22:55'),(38,68,'requested','2021-09-12 23:22:55','2021-09-12 23:22:55'),(39,69,'requested','2021-09-12 23:22:55','2021-09-12 23:22:55'),(40,70,'requested','2021-09-12 23:22:55','2021-09-12 23:22:55'),(41,71,'requested','2021-09-12 23:22:55','2021-09-12 23:22:55'),(42,72,'requested','2021-09-12 23:22:55','2021-09-12 23:22:55'),(43,73,'requested','2021-09-12 23:22:55','2021-09-12 23:22:55'),(44,74,'requested','2021-09-12 23:22:55','2021-09-12 23:22:55'),(45,75,'requested','2021-09-12 23:22:55','2021-09-12 23:22:55'),(46,76,'requested','2021-09-12 23:22:55','2021-09-12 23:22:55'),(47,77,'requested','2021-09-12 23:22:55','2021-09-12 23:22:55'),(48,78,'requested','2021-09-12 23:22:55','2021-09-12 23:22:55'),(49,79,'requested','2021-09-12 23:22:55','2021-09-12 23:22:55'),(50,80,'requested','2021-09-12 23:22:55','2021-09-12 23:22:55'),(51,81,'requested','2021-09-12 23:22:55','2021-09-12 23:22:55'),(52,82,'requested','2021-09-12 23:22:55','2021-09-12 23:22:55'),(53,83,'requested','2021-09-12 23:22:55','2021-09-12 23:22:55'),(54,84,'requested','2021-09-12 23:22:55','2021-09-12 23:22:55'),(55,85,'requested','2021-09-12 23:22:55','2021-09-12 23:22:55'),(56,86,'requested','2021-09-12 23:22:55','2021-09-12 23:22:55'),(57,87,'requested','2021-09-12 23:22:55','2021-09-12 23:22:55'),(58,88,'requested','2021-09-12 23:22:55','2021-09-12 23:22:55'),(59,89,'requested','2021-09-12 23:22:55','2021-09-12 23:22:55'),(60,90,'requested','2021-09-12 23:22:55','2021-09-12 23:22:55'),(61,91,'declined','2021-09-12 23:23:31','2021-09-12 23:23:31'),(62,92,'declined','2021-09-12 23:23:31','2021-09-12 23:23:31'),(63,93,'declined','2021-09-12 23:23:31','2021-09-12 23:23:31'),(64,94,'declined','2021-09-12 23:23:31','2021-09-12 23:23:31'),(65,95,'declined','2021-09-12 23:23:31','2021-09-12 23:23:31'),(66,96,'declined','2021-09-12 23:23:31','2021-09-12 23:23:31'),(67,97,'declined','2021-09-12 23:23:31','2021-09-12 23:23:31'),(68,98,'declined','2021-09-12 23:23:31','2021-09-12 23:23:31'),(69,99,'declined','2021-09-12 23:23:31','2021-09-12 23:23:31'),(70,100,'declined','2021-09-12 23:23:31','2021-09-12 23:23:31'),(71,101,'declined','2021-09-12 23:23:31','2021-09-12 23:23:31'),(72,102,'declined','2021-09-12 23:23:31','2021-09-12 23:23:31'),(73,103,'declined','2021-09-12 23:23:31','2021-09-12 23:23:31'),(74,104,'declined','2021-09-12 23:23:31','2021-09-12 23:23:31'),(75,105,'declined','2021-09-12 23:23:31','2021-09-12 23:23:31'),(76,106,'declined','2021-09-12 23:23:31','2021-09-12 23:23:31'),(77,107,'declined','2021-09-12 23:23:31','2021-09-12 23:23:31'),(78,108,'declined','2021-09-12 23:23:31','2021-09-12 23:23:31'),(79,109,'declined','2021-09-12 23:23:31','2021-09-12 23:23:31'),(80,110,'declined','2021-09-12 23:23:31','2021-09-12 23:23:31'),(81,111,'declined','2021-09-12 23:23:31','2021-09-12 23:23:31'),(82,112,'declined','2021-09-12 23:23:31','2021-09-12 23:23:31'),(83,113,'declined','2021-09-12 23:23:31','2021-09-12 23:23:31'),(84,114,'declined','2021-09-12 23:23:31','2021-09-12 23:23:31'),(85,115,'declined','2021-09-12 23:23:31','2021-09-12 23:23:31'),(86,116,'declined','2021-09-12 23:23:31','2021-09-12 23:23:31'),(87,117,'declined','2021-09-12 23:23:31','2021-09-12 23:23:31'),(88,118,'declined','2021-09-12 23:23:31','2021-09-12 23:23:31'),(89,119,'declined','2021-09-12 23:23:31','2021-09-12 23:23:31'),(90,120,'declined','2021-09-12 23:23:31','2021-09-12 23:23:31');
/*!40000 ALTER TABLE `friend_requests` ENABLE KEYS */;
UNLOCK TABLES;

--
-- Table structure for table `likes`
--

DROP TABLE IF EXISTS `likes`;
/*!40101 SET @saved_cs_client     = @@character_set_client */;
/*!50503 SET character_set_client = utf8mb4 */;
CREATE TABLE `likes` (
  `id` bigint unsigned NOT NULL AUTO_INCREMENT,
  `user_id` bigint unsigned NOT NULL,
  `media_id` bigint unsigned NOT NULL,
  `created_at` datetime DEFAULT CURRENT_TIMESTAMP,
  `liked_user_id` bigint unsigned NOT NULL,
  UNIQUE KEY `id` (`id`),
  KEY `likes_fk` (`media_id`),
  KEY `likes_fk_1` (`user_id`),
  KEY `liked_user_fk` (`liked_user_id`),
  CONSTRAINT `liked_user_fk` FOREIGN KEY (`liked_user_id`) REFERENCES `users` (`id`),
  CONSTRAINT `likes_fk` FOREIGN KEY (`media_id`) REFERENCES `media` (`id`),
  CONSTRAINT `likes_fk_1` FOREIGN KEY (`user_id`) REFERENCES `users` (`id`)
) ENGINE=InnoDB DEFAULT CHARSET=utf8mb4 COLLATE=utf8mb4_0900_ai_ci;
/*!40101 SET character_set_client = @saved_cs_client */;

--
-- Dumping data for table `likes`
--

LOCK TABLES `likes` WRITE;
/*!40000 ALTER TABLE `likes` DISABLE KEYS */;
/*!40000 ALTER TABLE `likes` ENABLE KEYS */;
UNLOCK TABLES;

--
-- Table structure for table `media`
--

DROP TABLE IF EXISTS `media`;
/*!40101 SET @saved_cs_client     = @@character_set_client */;
/*!50503 SET character_set_client = utf8mb4 */;
CREATE TABLE `media` (
  `id` bigint unsigned NOT NULL AUTO_INCREMENT,
  `media_type_id` bigint unsigned NOT NULL,
  `user_id` bigint unsigned NOT NULL,
  `body` text,
  `filename` varchar(255) DEFAULT NULL,
  `size` int DEFAULT NULL,
  `metadata` json DEFAULT NULL,
  `created_at` datetime DEFAULT CURRENT_TIMESTAMP,
  `updated_at` datetime DEFAULT NULL ON UPDATE CURRENT_TIMESTAMP,
  UNIQUE KEY `id` (`id`),
  KEY `user_id` (`user_id`),
  KEY `media_type_id` (`media_type_id`),
  CONSTRAINT `media_ibfk_1` FOREIGN KEY (`user_id`) REFERENCES `users` (`id`),
  CONSTRAINT `media_ibfk_2` FOREIGN KEY (`media_type_id`) REFERENCES `media_types` (`id`)
) ENGINE=InnoDB DEFAULT CHARSET=utf8mb4 COLLATE=utf8mb4_0900_ai_ci;
/*!40101 SET character_set_client = @saved_cs_client */;

--
-- Dumping data for table `media`
--

LOCK TABLES `media` WRITE;
/*!40000 ALTER TABLE `media` DISABLE KEYS */;
/*!40000 ALTER TABLE `media` ENABLE KEYS */;
UNLOCK TABLES;

--
-- Table structure for table `media_types`
--

DROP TABLE IF EXISTS `media_types`;
/*!40101 SET @saved_cs_client     = @@character_set_client */;
/*!50503 SET character_set_client = utf8mb4 */;
CREATE TABLE `media_types` (
  `id` bigint unsigned NOT NULL AUTO_INCREMENT,
  `name` varchar(255) DEFAULT NULL,
  `created_at` datetime DEFAULT CURRENT_TIMESTAMP,
  `updated_at` datetime DEFAULT NULL ON UPDATE CURRENT_TIMESTAMP,
  UNIQUE KEY `id` (`id`)
) ENGINE=InnoDB AUTO_INCREMENT=5 DEFAULT CHARSET=utf8mb4 COLLATE=utf8mb4_0900_ai_ci;
/*!40101 SET character_set_client = @saved_cs_client */;

--
-- Dumping data for table `media_types`
--

LOCK TABLES `media_types` WRITE;
/*!40000 ALTER TABLE `media_types` DISABLE KEYS */;
INSERT INTO `media_types` VALUES (1,'Photo','2021-09-12 23:32:51','2021-09-12 23:32:51'),(2,'Video','2021-09-12 23:32:51','2021-09-12 23:32:51'),(3,'Audio','2021-09-12 23:32:51','2021-09-12 23:32:51'),(4,'Text','2021-09-12 23:32:51','2021-09-12 23:32:51');
/*!40000 ALTER TABLE `media_types` ENABLE KEYS */;
UNLOCK TABLES;

--
-- Table structure for table `messages`
--

DROP TABLE IF EXISTS `messages`;
/*!40101 SET @saved_cs_client     = @@character_set_client */;
/*!50503 SET character_set_client = utf8mb4 */;
CREATE TABLE `messages` (
  `id` bigint unsigned NOT NULL AUTO_INCREMENT,
  `from_user_id` bigint unsigned NOT NULL,
  `to_user_id` bigint unsigned NOT NULL,
  `body` text,
  `created_at` datetime DEFAULT CURRENT_TIMESTAMP,
  UNIQUE KEY `id` (`id`),
  KEY `from_user_id` (`from_user_id`),
  KEY `to_user_id` (`to_user_id`),
  CONSTRAINT `messages_ibfk_1` FOREIGN KEY (`from_user_id`) REFERENCES `users` (`id`),
  CONSTRAINT `messages_ibfk_2` FOREIGN KEY (`to_user_id`) REFERENCES `users` (`id`)
) ENGINE=InnoDB AUTO_INCREMENT=111 DEFAULT CHARSET=utf8mb4 COLLATE=utf8mb4_0900_ai_ci;
/*!40101 SET character_set_client = @saved_cs_client */;

--
-- Dumping data for table `messages`
--

LOCK TABLES `messages` WRITE;
/*!40000 ALTER TABLE `messages` DISABLE KEYS */;
INSERT INTO `messages` VALUES (1,1,2,'ALAMO VIDEOTAPE: A Boring Epistle of a Butler And a Cat who must Fight a Pastry Chef in A MySQL Convention','2006-02-15 05:03:42'),(2,1,3,'ALASKA PHANTOM: A Fanciful Saga of a Hunter And a Pastry Chef who must Vanquish a Boy in Australia','2006-02-15 05:03:42'),(3,1,4,'ALI FOREVER: A Action-Packed Drama of a Dentist And a Crocodile who must Battle a Feminist in The Canadian Rockies','2006-02-15 05:03:42'),(4,1,5,'ALICE FANTASIA: A Emotional Drama of a A Shark And a Database Administrator who must Vanquish a Pioneer in Soviet Georgia','2006-02-15 05:03:42'),(5,1,6,'ALIEN CENTER: A Brilliant Drama of a Cat And a Mad Scientist who must Battle a Feminist in A MySQL Convention','2006-02-15 05:03:42'),(6,1,7,'ALLEY EVOLUTION: A Fast-Paced Drama of a Robot And a Composer who must Battle a Astronaut in New Orleans','2006-02-15 05:03:42'),(7,1,8,'ALONE TRIP: A Fast-Paced Character Study of a Composer And a Dog who must Outgun a Boat in An Abandoned Fun House','2006-02-15 05:03:42'),(8,1,9,'ALTER VICTORY: A Thoughtful Drama of a Composer And a Feminist who must Meet a Secret Agent in The Canadian Rockies','2006-02-15 05:03:42'),(9,1,10,'AMADEUS HOLY: A Emotional Display of a Pioneer And a Technical Writer who must Battle a Man in A Baloon','2006-02-15 05:03:42'),(10,1,11,'AMELIE HELLFIGHTERS: A Boring Drama of a Woman And a Squirrel who must Conquer a Student in A Baloon','2006-02-15 05:03:42'),(11,1,12,'AMERICAN CIRCUS: A Insightful Drama of a Girl And a Astronaut who must Face a Database Administrator in A Shark Tank','2006-02-15 05:03:42'),(12,1,13,'AMISTAD MIDSUMMER: A Emotional Character Study of a Dentist And a Crocodile who must Meet a Sumo Wrestler in California','2006-02-15 05:03:42'),(13,1,14,'ANACONDA CONFESSIONS: A Lacklusture Display of a Dentist And a Dentist who must Fight a Girl in Australia','2006-02-15 05:03:42'),(14,1,15,'ANALYZE HOOSIERS: A Thoughtful Display of a Explorer And a Pastry Chef who must Overcome a Feminist in The Sahara Desert','2006-02-15 05:03:42'),(15,1,16,'ANGELS LIFE: A Thoughtful Display of a Woman And a Astronaut who must Battle a Robot in Berlin','2006-02-15 05:03:42'),(16,1,17,'ANNIE IDENTITY: A Amazing Panorama of a Pastry Chef And a Boat who must Escape a Woman in An Abandoned Amusement Park','2006-02-15 05:03:42'),(17,1,18,'ANONYMOUS HUMAN: A Amazing Reflection of a Database Administrator And a Astronaut who must Outrace a Database Administrator in A Shark Tank','2006-02-15 05:03:42'),(18,1,19,'ANTHEM LUKE: A Touching Panorama of a Waitress And a Woman who must Outrace a Dog in An Abandoned Amusement Park','2006-02-15 05:03:42'),(19,1,20,'ANTITRUST TOMATOES: A Fateful Yarn of a Womanizer And a Feminist who must Succumb a Database Administrator in Ancient India','2006-02-15 05:03:42'),(20,1,21,'ANYTHING SAVANNAH: A Epic Story of a Pastry Chef And a Woman who must Chase a Feminist in An Abandoned Fun House','2006-02-15 05:03:42'),(21,1,22,'APACHE DIVINE: A Awe-Inspiring Reflection of a Pastry Chef And a Teacher who must Overcome a Sumo Wrestler in A U-Boat','2006-02-15 05:03:42'),(22,1,23,'APOCALYPSE FLAMINGOS: A Astounding Story of a Dog And a Squirrel who must Defeat a Woman in An Abandoned Amusement Park','2006-02-15 05:03:42'),(23,1,24,'APOLLO TEEN: A Action-Packed Reflection of a Crocodile And a Explorer who must Find a Sumo Wrestler in An Abandoned Mine Shaft','2006-02-15 05:03:42'),(24,1,25,'ARABIA DOGMA: A Touching Epistle of a Madman And a Mad Cow who must Defeat a Student in Nigeria','2006-02-15 05:03:42'),(25,1,26,'ARACHNOPHOBIA ROLLERCOASTER: A Action-Packed Reflection of a Pastry Chef And a Composer who must Discover a Mad Scientist in The First Manned Space Station','2006-02-15 05:03:42'),(26,1,27,'ARGONAUTS TOWN: A Emotional Epistle of a Forensic Psychologist And a Butler who must Challenge a Waitress in An Abandoned Mine Shaft','2006-02-15 05:03:42'),(27,1,28,'ARIZONA BANG: A Brilliant Panorama of a Mad Scientist And a Mad Cow who must Meet a Pioneer in A Monastery','2006-02-15 05:03:42'),(28,1,29,'ARK RIDGEMONT: A Beautiful Yarn of a Pioneer And a Monkey who must Pursue a Explorer in The Sahara Desert','2006-02-15 05:03:42'),(29,1,30,'ARMAGEDDON LOST: A Fast-Paced Tale of a Boat And a Teacher who must Succumb a Composer in An Abandoned Mine Shaft','2006-02-15 05:03:42'),(30,1,31,'ARMY FLINTSTONES: A Boring Saga of a Database Administrator And a Womanizer who must Battle a Waitress in Nigeria','2006-02-15 05:03:42'),(31,1,32,'ARSENIC INDEPENDENCE: A Fanciful Documentary of a Mad Cow And a Womanizer who must Find a Dentist in Berlin','2006-02-15 05:03:42'),(32,1,33,'ARTIST COLDBLOODED: A Stunning Reflection of a Robot And a Moose who must Challenge a Woman in California','2006-02-15 05:03:42'),(33,1,34,'ATLANTIS CAUSE: A Thrilling Yarn of a Feminist And a Hunter who must Fight a Technical Writer in A Shark Tank','2006-02-15 05:03:42'),(34,1,35,'ATTACKS HATE: A Fast-Paced Panorama of a Technical Writer And a Mad Scientist who must Find a Feminist in An Abandoned Mine Shaft','2006-02-15 05:03:42'),(35,1,36,'ATTRACTION NEWTON: A Astounding Panorama of a Composer And a Frisbee who must Reach a Husband in Ancient Japan','2006-02-15 05:03:42'),(36,1,37,'AUTUMN CROW: A Beautiful Tale of a Dentist And a Mad Cow who must Battle a Moose in The Sahara Desert','2006-02-15 05:03:42'),(37,1,38,'BABY HALL: A Boring Character Study of a A Shark And a Girl who must Outrace a Feminist in An Abandoned Mine Shaft','2006-02-15 05:03:42'),(38,1,39,'BACKLASH UNDEFEATED: A Stunning Character Study of a Mad Scientist And a Mad Cow who must Kill a Car in A Monastery','2006-02-15 05:03:42'),(39,1,40,'BADMAN DAWN: A Emotional Panorama of a Pioneer And a Composer who must Escape a Mad Scientist in A Jet Boat','2006-02-15 05:03:42'),(40,1,41,'BAKED CLEOPATRA: A Stunning Drama of a Forensic Psychologist And a Husband who must Overcome a Waitress in A Monastery','2006-02-15 05:03:42'),(41,1,42,'BALLOON HOMEWARD: A Insightful Panorama of a Forensic Psychologist And a Mad Cow who must Build a Mad Scientist in The First Manned Space Station','2006-02-15 05:03:42'),(42,1,43,'BALLROOM MOCKINGBIRD: A Thrilling Documentary of a Composer And a Monkey who must Find a Feminist in California','2006-02-15 05:03:42'),(43,1,44,'BANG KWAI: A Epic Drama of a Madman And a Cat who must Face a A Shark in An Abandoned Amusement Park','2006-02-15 05:03:42'),(44,1,45,'BANGER PINOCCHIO: A Awe-Inspiring Drama of a Car And a Pastry Chef who must Chase a Crocodile in The First Manned Space Station','2006-02-15 05:03:42'),(45,1,46,'BARBARELLA STREETCAR: A Awe-Inspiring Story of a Feminist And a Cat who must Conquer a Dog in A Monastery','2006-02-15 05:03:42'),(46,1,47,'BAREFOOT MANCHURIAN: A Intrepid Story of a Cat And a Student who must Vanquish a Girl in An Abandoned Amusement Park','2006-02-15 05:03:42'),(47,1,48,'BASIC EASY: A Stunning Epistle of a Man And a Husband who must Reach a Mad Scientist in A Jet Boat','2006-02-15 05:03:42'),(48,1,49,'BEACH HEARTBREAKERS: A Fateful Display of a Womanizer And a Mad Scientist who must Outgun a A Shark in Soviet Georgia','2006-02-15 05:03:42'),(49,1,50,'BEAR GRACELAND: A Astounding Saga of a Dog And a Boy who must Kill a Teacher in The First Manned Space Station','2006-02-15 05:03:42'),(50,1,51,'BEAST HUNCHBACK: A Awe-Inspiring Epistle of a Student And a Squirrel who must Defeat a Boy in Ancient China','2006-02-15 05:03:42'),(51,1,52,'BEAUTY GREASE: A Fast-Paced Display of a Composer And a Moose who must Sink a Robot in An Abandoned Mine Shaft','2006-02-15 05:03:42'),(52,1,53,'BED HIGHBALL: A Astounding Panorama of a Lumberjack And a Dog who must Redeem a Woman in An Abandoned Fun House','2006-02-15 05:03:42'),(53,1,54,'BEDAZZLED MARRIED: A Astounding Character Study of a Madman And a Robot who must Meet a Mad Scientist in An Abandoned Fun House','2006-02-15 05:03:42'),(54,1,55,'BEETHOVEN EXORCIST: A Epic Display of a Pioneer And a Student who must Challenge a Butler in The Gulf of Mexico','2006-02-15 05:03:42'),(55,1,56,'BEHAVIOR RUNAWAY: A Unbelieveable Drama of a Student And a Husband who must Outrace a Sumo Wrestler in Berlin','2006-02-15 05:03:42'),(56,1,57,'BENEATH RUSH: A Astounding Panorama of a Man And a Monkey who must Discover a Man in The First Manned Space Station','2006-02-15 05:03:42'),(57,1,58,'BERETS AGENT: A Taut Saga of a Crocodile And a Boy who must Overcome a Technical Writer in Ancient China','2006-02-15 05:03:42'),(58,1,59,'BETRAYED REAR: A Emotional Character Study of a Boat And a Pioneer who must Find a Explorer in A Shark Tank','2006-02-15 05:03:42'),(59,1,60,'BEVERLY OUTLAW: A Fanciful Documentary of a Womanizer And a Boat who must Defeat a Madman in The First Manned Space Station','2006-02-15 05:03:42'),(60,1,61,'BIKINI BORROWERS: A Astounding Drama of a Astronaut And a Cat who must Discover a Woman in The First Manned Space Station','2006-02-15 05:03:42'),(61,1,62,'BILKO ANONYMOUS: A Emotional Reflection of a Teacher And a Man who must Meet a Cat in The First Manned Space Station','2006-02-15 05:03:42'),(62,1,63,'BILL OTHERS: A Stunning Saga of a Mad Scientist And a Forensic Psychologist who must Challenge a Squirrel in A MySQL Convention','2006-02-15 05:03:42'),(63,1,64,'BINGO TALENTED: A Touching Tale of a Girl And a Crocodile who must Discover a Waitress in Nigeria','2006-02-15 05:03:42'),(64,1,65,'BIRCH ANTITRUST: A Fanciful Panorama of a Husband And a Pioneer who must Outgun a Dog in A Baloon','2006-02-15 05:03:42'),(65,1,66,'BIRD INDEPENDENCE: A Thrilling Documentary of a Car And a Student who must Sink a Hunter in The Canadian Rockies','2006-02-15 05:03:42'),(66,1,67,'BIRDCAGE CASPER: A Fast-Paced Saga of a Frisbee And a Astronaut who must Overcome a Feminist in Ancient India','2006-02-15 05:03:42'),(67,1,68,'BIRDS PERDITION: A Boring Story of a Womanizer And a Pioneer who must Face a Dog in California','2006-02-15 05:03:42'),(68,1,69,'BLACKOUT PRIVATE: A Intrepid Yarn of a Pastry Chef And a Mad Scientist who must Challenge a Secret Agent in Ancient Japan','2006-02-15 05:03:42'),(69,1,70,'BLADE POLISH: A Thoughtful Character Study of a Frisbee And a Pastry Chef who must Fight a Dentist in The First Manned Space Station','2006-02-15 05:03:42'),(70,1,71,'BLANKET BEVERLY: A Emotional Documentary of a Student And a Girl who must Build a Boat in Nigeria','2006-02-15 05:03:42'),(71,1,72,'BLINDNESS GUN: A Touching Drama of a Robot And a Dentist who must Meet a Hunter in A Jet Boat','2006-02-15 05:03:42'),(72,1,73,'BLOOD ARGONAUTS: A Boring Drama of a Explorer And a Man who must Kill a Lumberjack in A Manhattan Penthouse','2006-02-15 05:03:42'),(73,1,74,'BLUES INSTINCT: A Insightful Documentary of a Boat And a Composer who must Meet a Forensic Psychologist in An Abandoned Fun House','2006-02-15 05:03:42'),(74,1,75,'BOILED DARES: A Awe-Inspiring Story of a Waitress And a Dog who must Discover a Dentist in Ancient Japan','2006-02-15 05:03:42'),(75,1,76,'BONNIE HOLOCAUST: A Fast-Paced Story of a Crocodile And a Robot who must Find a Moose in Ancient Japan','2006-02-15 05:03:42'),(76,1,77,'BOOGIE AMELIE: A Lacklusture Character Study of a Husband And a Sumo Wrestler who must Succumb a Technical Writer in The Gulf of Mexico','2006-02-15 05:03:42'),(77,1,78,'BOONDOCK BALLROOM: A Fateful Panorama of a Crocodile And a Boy who must Defeat a Monkey in The Gulf of Mexico','2006-02-15 05:03:42'),(78,1,79,'BORN SPINAL: A Touching Epistle of a Frisbee And a Husband who must Pursue a Student in Nigeria','2006-02-15 05:03:42'),(79,1,80,'BORROWERS BEDAZZLED: A Brilliant Epistle of a Teacher And a Sumo Wrestler who must Defeat a Man in An Abandoned Fun House','2006-02-15 05:03:42'),(80,1,81,'BOULEVARD MOB: A Fateful Epistle of a Moose And a Monkey who must Confront a Lumberjack in Ancient China','2006-02-15 05:03:42'),(81,1,82,'BOUND CHEAPER: A Thrilling Panorama of a Database Administrator And a Astronaut who must Challenge a Lumberjack in A Baloon','2006-02-15 05:03:42'),(82,1,83,'BOWFINGER GABLES: A Fast-Paced Yarn of a Waitress And a Composer who must Outgun a Dentist in California','2006-02-15 05:03:42'),(83,1,84,'BRANNIGAN SUNRISE: A Amazing Epistle of a Moose And a Crocodile who must Outrace a Dog in Berlin','2006-02-15 05:03:42'),(84,1,85,'BRAVEHEART HUMAN: A Insightful Story of a Dog And a Pastry Chef who must Battle a Girl in Berlin','2006-02-15 05:03:42'),(85,1,86,'BREAKFAST GOLDFINGER: A Beautiful Reflection of a Student And a Student who must Fight a Moose in Berlin','2006-02-15 05:03:42'),(86,1,87,'BREAKING HOME: A Beautiful Display of a Secret Agent And a Monkey who must Battle a Sumo Wrestler in An Abandoned Mine Shaft','2006-02-15 05:03:42'),(87,1,88,'BRIDE INTRIGUE: A Epic Tale of a Robot And a Monkey who must Vanquish a Man in New Orleans','2006-02-15 05:03:42'),(88,1,89,'BRIGHT ENCOUNTERS: A Fateful Yarn of a Lumberjack And a Feminist who must Conquer a Student in A Jet Boat','2006-02-15 05:03:42'),(89,1,90,'BRINGING HYSTERICAL: A Fateful Saga of a A Shark And a Technical Writer who must Find a Woman in A Jet Boat','2006-02-15 05:03:42'),(90,1,91,'BROOKLYN DESERT: A Beautiful Drama of a Dentist And a Composer who must Battle a Sumo Wrestler in The First Manned Space Station','2006-02-15 05:03:42'),(91,1,92,'BROTHERHOOD BLANKET: A Fateful Character Study of a Butler And a Technical Writer who must Sink a Astronaut in Ancient Japan','2006-02-15 05:03:42'),(92,1,93,'BUBBLE GROSSE: A Awe-Inspiring Panorama of a Crocodile And a Moose who must Confront a Girl in A Baloon','2006-02-15 05:03:42'),(93,1,94,'BUCKET BROTHERHOOD: A Amazing Display of a Girl And a Womanizer who must Succumb a Lumberjack in A Baloon Factory','2006-02-15 05:03:42'),(94,1,95,'BUGSY SONG: A Awe-Inspiring Character Study of a Secret Agent And a Boat who must Find a Squirrel in The First Manned Space Station','2006-02-15 05:03:42'),(95,1,96,'BULL SHAWSHANK: A Fanciful Drama of a Moose And a Squirrel who must Conquer a Pioneer in The Canadian Rockies','2006-02-15 05:03:42'),(96,1,97,'BULWORTH COMMANDMENTS: A Amazing Display of a Mad Cow And a Pioneer who must Redeem a Sumo Wrestler in The Outback','2006-02-15 05:03:42'),(97,1,98,'BUNCH MINDS: A Emotional Story of a Feminist And a Feminist who must Escape a Pastry Chef in A MySQL Convention','2006-02-15 05:03:42'),(98,1,99,'BUTCH PANTHER: A Lacklusture Yarn of a Feminist And a Database Administrator who must Face a Hunter in New Orleans','2006-02-15 05:03:42'),(99,1,100,'BUTTERFLY CHOCOLAT: A Fateful Story of a Girl And a Composer who must Conquer a Husband in A Shark Tank','2006-02-15 05:03:42'),(100,1,101,'CABIN FLASH: A Stunning Epistle of a Boat And a Man who must Challenge a A Shark in A Baloon Factory','2006-02-15 05:03:42'),(101,1,102,'CADDYSHACK JEDI: A Awe-Inspiring Epistle of a Woman And a Madman who must Fight a Robot in Soviet Georgia','2006-02-15 05:03:42'),(102,1,103,'CALENDAR GUNFIGHT: A Thrilling Drama of a Frisbee And a Lumberjack who must Sink a Man in Nigeria','2006-02-15 05:03:42'),(103,1,104,'CALIFORNIA BIRDS: A Thrilling Yarn of a Database Administrator And a Robot who must Battle a Database Administrator in Ancient India','2006-02-15 05:03:42'),(104,1,105,'CAMELOT VACATION: A Touching Character Study of a Woman And a Waitress who must Battle a Pastry Chef in A MySQL Convention','2006-02-15 05:03:42'),(105,1,106,'CAMPUS REMEMBER: A Astounding Drama of a Crocodile And a Mad Cow who must Build a Robot in A Jet Boat','2006-02-15 05:03:42'),(106,1,107,'CANDIDATE PERDITION: A Brilliant Epistle of a Composer And a Database Administrator who must Vanquish a Mad Scientist in The First Manned Space Station','2006-02-15 05:03:42'),(107,1,108,'CANDLES GRAPES: A Fanciful Character Study of a Monkey And a Explorer who must Build a Astronaut in An Abandoned Fun House','2006-02-15 05:03:42'),(108,1,109,'CANYON STOCK: A Thoughtful Reflection of a Waitress And a Feminist who must Escape a Squirrel in A Manhattan Penthouse','2006-02-15 05:03:42'),(109,1,110,'CAPER MOTIONS: A Fateful Saga of a Moose And a Car who must Pursue a Woman in A MySQL Convention','2006-02-15 05:03:42'),(110,1,111,'CARIBBEAN LIBERTY: A Fanciful Tale of a Pioneer And a Technical Writer who must Outgun a Pioneer in A Shark Tank','2006-02-15 05:03:42');
/*!40000 ALTER TABLE `messages` ENABLE KEYS */;
UNLOCK TABLES;

--
-- Table structure for table `photo_albums`
--

DROP TABLE IF EXISTS `photo_albums`;
/*!40101 SET @saved_cs_client     = @@character_set_client */;
/*!50503 SET character_set_client = utf8mb4 */;
CREATE TABLE `photo_albums` (
  `id` bigint unsigned NOT NULL AUTO_INCREMENT,
  `name` varchar(255) DEFAULT NULL,
  `user_id` bigint unsigned DEFAULT NULL,
  PRIMARY KEY (`id`),
  UNIQUE KEY `id` (`id`),
  KEY `user_id` (`user_id`),
  CONSTRAINT `photo_albums_ibfk_1` FOREIGN KEY (`user_id`) REFERENCES `users` (`id`)
) ENGINE=InnoDB DEFAULT CHARSET=utf8mb4 COLLATE=utf8mb4_0900_ai_ci;
/*!40101 SET character_set_client = @saved_cs_client */;

--
-- Dumping data for table `photo_albums`
--

LOCK TABLES `photo_albums` WRITE;
/*!40000 ALTER TABLE `photo_albums` DISABLE KEYS */;
/*!40000 ALTER TABLE `photo_albums` ENABLE KEYS */;
UNLOCK TABLES;

--
-- Table structure for table `photos`
--

DROP TABLE IF EXISTS `photos`;
/*!40101 SET @saved_cs_client     = @@character_set_client */;
/*!50503 SET character_set_client = utf8mb4 */;
CREATE TABLE `photos` (
  `id` bigint unsigned NOT NULL AUTO_INCREMENT,
  `album_id` bigint unsigned DEFAULT NULL,
  `media_id` bigint unsigned NOT NULL,
  UNIQUE KEY `id` (`id`),
  KEY `album_id` (`album_id`),
  KEY `media_id` (`media_id`),
  CONSTRAINT `photos_ibfk_1` FOREIGN KEY (`album_id`) REFERENCES `photo_albums` (`id`),
  CONSTRAINT `photos_ibfk_2` FOREIGN KEY (`media_id`) REFERENCES `media` (`id`)
) ENGINE=InnoDB DEFAULT CHARSET=utf8mb4 COLLATE=utf8mb4_0900_ai_ci;
/*!40101 SET character_set_client = @saved_cs_client */;

--
-- Dumping data for table `photos`
--

LOCK TABLES `photos` WRITE;
/*!40000 ALTER TABLE `photos` DISABLE KEYS */;
/*!40000 ALTER TABLE `photos` ENABLE KEYS */;
UNLOCK TABLES;

--
-- Table structure for table `profiles`
--

DROP TABLE IF EXISTS `profiles`;
/*!40101 SET @saved_cs_client     = @@character_set_client */;
/*!50503 SET character_set_client = utf8mb4 */;
CREATE TABLE `profiles` (
  `user_id` bigint unsigned NOT NULL,
  `gender` char(1) DEFAULT NULL,
  `birthday` date DEFAULT NULL,
  `photo_id` bigint unsigned DEFAULT NULL,
  `created_at` datetime DEFAULT CURRENT_TIMESTAMP,
  `hometown` varchar(100) DEFAULT NULL,
  UNIQUE KEY `user_id` (`user_id`),
  KEY `profiles_fk_1` (`photo_id`),
  CONSTRAINT `fk_user_id` FOREIGN KEY (`user_id`) REFERENCES `users` (`id`) ON DELETE RESTRICT ON UPDATE CASCADE,
  CONSTRAINT `profiles_fk_1` FOREIGN KEY (`photo_id`) REFERENCES `media` (`id`)
) ENGINE=InnoDB DEFAULT CHARSET=utf8mb4 COLLATE=utf8mb4_0900_ai_ci;
/*!40101 SET character_set_client = @saved_cs_client */;

--
-- Dumping data for table `profiles`
--

LOCK TABLES `profiles` WRITE;
/*!40000 ALTER TABLE `profiles` DISABLE KEYS */;
INSERT INTO `profiles` VALUES (1,'F','2003-02-23',NULL,'2021-09-11 01:18:44','Moscow'),(2,'F','2003-08-15',NULL,'2021-09-11 01:18:44','Moscow'),(3,'F','2003-06-21',NULL,'2021-09-11 01:18:44','Moscow'),(4,'F','2003-06-01',NULL,'2021-09-11 01:18:44','Moscow'),(5,'F','2003-02-19',NULL,'2021-09-11 01:18:44','Moscow'),(6,'F','2002-09-19',NULL,'2021-09-11 01:18:44','Moscow'),(7,'F','2002-11-06',NULL,'2021-09-11 01:18:44','Moscow'),(8,'F','2002-10-18',NULL,'2021-09-11 01:18:44','Moscow'),(9,'F','2003-08-12',NULL,'2021-09-11 01:18:44','Moscow'),(10,'F','2003-03-11',NULL,'2021-09-11 01:18:44','Moscow'),(11,'F','2003-03-03',NULL,'2021-09-11 01:18:44','Moscow'),(12,'F','2003-02-25',NULL,'2021-09-11 01:18:44','Moscow'),(13,'F','2002-12-03',NULL,'2021-09-11 01:18:44','Moscow'),(14,'F','2003-09-03',NULL,'2021-09-11 01:18:44','Moscow'),(15,'F','2003-06-18',NULL,'2021-09-11 01:18:44','Moscow'),(16,'F','2003-06-01',NULL,'2021-09-11 01:18:44','Moscow'),(17,'F','2003-05-26',NULL,'2021-09-11 01:18:44','Moscow'),(18,'F','2003-03-07',NULL,'2021-09-11 01:18:44','Moscow'),(19,'F','2002-09-26',NULL,'2021-09-11 01:18:44','Moscow'),(20,'F','2003-06-13',NULL,'2021-09-11 01:18:44','Moscow'),(21,'F','2003-08-19',NULL,'2021-09-11 01:18:44','Moscow'),(22,'F','2003-01-09',NULL,'2021-09-11 01:18:44','Moscow'),(23,'F','2002-12-02',NULL,'2021-09-11 01:18:44','Moscow'),(24,'F','2003-02-25',NULL,'2021-09-11 01:18:44','Moscow'),(25,'F','2003-01-28',NULL,'2021-09-11 01:18:44','Moscow'),(26,'F','2003-09-15',NULL,'2021-09-11 01:18:44','Moscow'),(27,'F','2002-10-28',NULL,'2021-09-11 01:18:44','Moscow'),(28,'F','2002-12-23',NULL,'2021-09-11 01:18:44','Moscow'),(29,'F','2003-02-07',NULL,'2021-09-11 01:18:44','Moscow'),(30,'F','2003-07-20',NULL,'2021-09-11 01:18:44','Moscow'),(31,'F','2002-10-17',NULL,'2021-09-11 01:18:44','Moscow'),(32,'F','2002-11-13',NULL,'2021-09-11 01:18:44','Moscow'),(33,'F','2002-12-19',NULL,'2021-09-11 01:18:44','Moscow'),(34,'F','2003-03-29',NULL,'2021-09-11 01:18:44','Moscow'),(35,'F','2002-11-21',NULL,'2021-09-11 01:18:44','Moscow'),(36,'F','2003-07-07',NULL,'2021-09-11 01:18:44','Moscow'),(37,'F','2002-11-30',NULL,'2021-09-11 01:18:44','Moscow'),(38,'F','2003-08-27',NULL,'2021-09-11 01:18:44','Moscow'),(39,'F','2002-12-21',NULL,'2021-09-11 01:18:44','Moscow'),(40,'F','2002-09-17',NULL,'2021-09-11 01:18:44','Moscow'),(41,'F','2003-03-27',NULL,'2021-09-11 01:18:44','Moscow'),(42,'F','2002-09-19',NULL,'2021-09-11 01:18:44','Moscow'),(43,'F','2003-02-25',NULL,'2021-09-11 01:18:44','Moscow'),(44,'F','2003-05-11',NULL,'2021-09-11 01:18:44','Moscow'),(45,'F','2003-09-11',NULL,'2021-09-11 01:18:44','Moscow'),(46,'F','2003-06-07',NULL,'2021-09-11 01:18:44','Moscow'),(47,'F','2002-09-27',NULL,'2021-09-11 01:18:44','Moscow'),(48,'F','2003-03-03',NULL,'2021-09-11 01:18:44','Moscow'),(49,'F','2002-10-28',NULL,'2021-09-11 01:18:44','Moscow'),(50,'F','2003-02-12',NULL,'2021-09-11 01:18:44','Moscow'),(51,'F','2003-08-20',NULL,'2021-09-11 01:18:44','Moscow'),(52,'F','2003-06-13',NULL,'2021-09-11 01:18:44','Moscow'),(53,'F','2003-01-12',NULL,'2021-09-11 01:18:44','Moscow'),(54,'F','2003-01-21',NULL,'2021-09-11 01:18:44','Moscow'),(55,'F','2003-06-16',NULL,'2021-09-11 01:18:44','Moscow'),(56,'F','2002-11-22',NULL,'2021-09-11 01:18:44','Moscow'),(57,'F','2002-12-01',NULL,'2021-09-11 01:18:44','Moscow'),(58,'F','2003-05-18',NULL,'2021-09-11 01:18:44','Moscow'),(59,'F','2003-02-14',NULL,'2021-09-11 01:18:44','Moscow'),(60,'F','2003-03-24',NULL,'2021-09-11 01:18:44','Moscow'),(61,'F','2003-03-17',NULL,'2021-09-11 01:18:44','Moscow'),(62,'F','2003-07-14',NULL,'2021-09-11 01:18:44','Moscow'),(63,'F','2002-11-13',NULL,'2021-09-11 01:18:44','Moscow'),(64,'F','2002-12-15',NULL,'2021-09-11 01:18:44','Moscow'),(65,'F','2002-09-16',NULL,'2021-09-11 01:18:44','Moscow'),(66,'F','2003-09-02',NULL,'2021-09-11 01:18:44','Moscow'),(67,'F','2002-11-20',NULL,'2021-09-11 01:18:44','Moscow'),(68,'F','2003-07-17',NULL,'2021-09-11 01:18:44','Moscow'),(69,'F','2003-01-14',NULL,'2021-09-11 01:18:44','Moscow'),(70,'F','2002-12-07',NULL,'2021-09-11 01:18:44','Moscow'),(71,'F','2003-02-15',NULL,'2021-09-11 01:18:44','Moscow'),(72,'F','2003-06-03',NULL,'2021-09-11 01:18:44','Moscow'),(73,'F','2003-04-21',NULL,'2021-09-11 01:18:44','Moscow'),(74,'F','2003-03-24',NULL,'2021-09-11 01:18:44','Moscow'),(75,'F','2003-06-29',NULL,'2021-09-11 01:18:44','Moscow'),(76,'F','2003-02-08',NULL,'2021-09-11 01:18:44','Moscow'),(77,'F','2003-04-07',NULL,'2021-09-11 01:18:44','Moscow'),(78,'F','2002-12-05',NULL,'2021-09-11 01:18:44','Moscow'),(79,'F','2002-12-17',NULL,'2021-09-11 01:18:44','Moscow'),(80,'F','2003-04-28',NULL,'2021-09-11 01:18:44','Moscow'),(81,'F','2003-04-02',NULL,'2021-09-11 01:18:44','Moscow'),(82,'F','2003-01-26',NULL,'2021-09-11 01:18:44','Moscow'),(83,'F','2003-05-06',NULL,'2021-09-11 01:18:44','Moscow'),(84,'F','2003-05-30',NULL,'2021-09-11 01:18:44','Moscow'),(85,'F','2002-09-29',NULL,'2021-09-11 01:18:44','Moscow'),(86,'F','2002-09-17',NULL,'2021-09-11 01:18:44','Moscow'),(87,'F','2003-02-20',NULL,'2021-09-11 01:18:44','Moscow'),(88,'F','2003-06-16',NULL,'2021-09-11 01:18:44','Moscow'),(89,'F','2003-07-15',NULL,'2021-09-11 01:18:44','Moscow'),(90,'F','2003-07-12',NULL,'2021-09-11 01:18:44','Moscow'),(91,'F','2003-03-04',NULL,'2021-09-11 01:18:44','Moscow'),(92,'F','2003-04-07',NULL,'2021-09-11 01:18:44','Moscow'),(93,'F','2003-01-25',NULL,'2021-09-11 01:18:44','Moscow'),(94,'F','2002-12-10',NULL,'2021-09-11 01:18:44','Moscow'),(95,'F','2003-02-21',NULL,'2021-09-11 01:18:44','Moscow'),(96,'F','2003-08-04',NULL,'2021-09-11 01:18:44','Moscow'),(97,'F','2003-06-01',NULL,'2021-09-11 01:18:44','Moscow'),(98,'F','2002-11-02',NULL,'2021-09-11 01:18:44','Moscow'),(99,'F','2003-07-03',NULL,'2021-09-11 01:18:44','Moscow'),(100,'F','2002-10-28',NULL,'2021-09-11 01:18:44','Moscow'),(101,'F','2003-06-21',NULL,'2021-09-11 01:18:44','Moscow'),(102,'F','2003-05-12',NULL,'2021-09-11 01:18:44','Moscow'),(103,'F','2002-09-23',NULL,'2021-09-11 01:18:44','Moscow'),(104,'F','2003-04-23',NULL,'2021-09-11 01:18:44','Moscow'),(105,'F','2003-01-26',NULL,'2021-09-11 01:18:44','Moscow'),(106,'F','2002-10-12',NULL,'2021-09-11 01:18:44','Moscow'),(107,'F','2003-04-19',NULL,'2021-09-11 01:18:44','Moscow'),(108,'F','2003-05-20',NULL,'2021-09-11 01:18:44','Moscow'),(109,'F','2003-05-18',NULL,'2021-09-11 01:18:44','Moscow'),(110,'F','2003-08-01',NULL,'2021-09-11 01:18:44','Moscow'),(111,'F','2003-03-07',NULL,'2021-09-11 01:18:44','Moscow'),(112,'F','2003-04-18',NULL,'2021-09-11 01:18:44','Moscow'),(113,'F','2002-10-07',NULL,'2021-09-11 01:18:44','Moscow'),(114,'F','2003-07-22',NULL,'2021-09-11 01:18:44','Moscow'),(115,'F','2003-05-03',NULL,'2021-09-11 01:18:44','Moscow'),(116,'F','2003-01-21',NULL,'2021-09-11 01:18:44','Moscow'),(117,'F','2003-06-08',NULL,'2021-09-11 01:18:44','Moscow'),(118,'F','2002-10-06',NULL,'2021-09-11 01:18:44','Moscow'),(119,'F','2002-10-18',NULL,'2021-09-11 01:18:44','Moscow'),(120,'F','2003-05-23',NULL,'2021-09-11 01:18:44','Moscow'),(121,'F','2003-03-03',NULL,'2021-09-11 01:18:44','Moscow'),(122,'F','2003-02-19',NULL,'2021-09-11 01:18:44','Moscow'),(123,'F','2003-05-30',NULL,'2021-09-11 01:18:44','Moscow'),(124,'F','2003-02-18',NULL,'2021-09-11 01:18:44','Moscow'),(125,'F','2002-11-11',NULL,'2021-09-11 01:18:44','Moscow'),(126,'F','2003-01-22',NULL,'2021-09-11 01:18:44','Moscow'),(127,'F','2002-10-29',NULL,'2021-09-11 01:18:44','Moscow'),(128,'F','2002-10-21',NULL,'2021-09-11 01:18:44','Moscow'),(129,'F','2002-10-21',NULL,'2021-09-11 01:18:44','Moscow'),(130,'F','2002-11-07',NULL,'2021-09-11 01:18:44','Moscow'),(131,'F','2002-11-28',NULL,'2021-09-11 01:18:44','Moscow'),(132,'F','2003-01-05',NULL,'2021-09-11 01:18:44','Moscow'),(133,'F','2003-06-23',NULL,'2021-09-11 01:18:44','Moscow'),(134,'F','2002-12-04',NULL,'2021-09-11 01:18:44','Moscow'),(135,'F','2002-10-29',NULL,'2021-09-11 01:18:44','Moscow'),(136,'F','2002-12-23',NULL,'2021-09-11 01:18:44','Moscow'),(137,'F','2003-03-11',NULL,'2021-09-11 01:18:44','Moscow'),(138,'F','2003-05-03',NULL,'2021-09-11 01:18:44','Moscow'),(139,'F','2003-03-25',NULL,'2021-09-11 01:18:44','Moscow'),(140,'F','2002-11-17',NULL,'2021-09-11 01:18:44','Moscow'),(141,'F','2003-09-05',NULL,'2021-09-11 01:18:44','Moscow'),(142,'F','2003-01-17',NULL,'2021-09-11 01:18:44','Moscow'),(143,'F','2003-02-21',NULL,'2021-09-11 01:18:44','Moscow'),(144,'F','2003-08-04',NULL,'2021-09-11 01:18:44','Moscow'),(145,'F','2003-04-12',NULL,'2021-09-11 01:18:44','Moscow'),(146,'F','2003-06-01',NULL,'2021-09-11 01:18:44','Moscow'),(147,'F','2002-10-07',NULL,'2021-09-11 01:18:44','Moscow'),(148,'F','2003-01-22',NULL,'2021-09-11 01:18:44','Moscow'),(149,'F','2003-08-12',NULL,'2021-09-11 01:18:44','Moscow'),(150,'F','2002-12-03',NULL,'2021-09-11 01:18:44','Moscow'),(151,'F','2003-08-24',NULL,'2021-09-11 01:18:44','Moscow'),(152,'F','2003-05-04',NULL,'2021-09-11 01:18:44','Moscow'),(153,'F','2003-03-17',NULL,'2021-09-11 01:18:44','Moscow'),(154,'F','2002-10-13',NULL,'2021-09-11 01:18:44','Moscow'),(155,'F','2003-05-11',NULL,'2021-09-11 01:18:44','Moscow'),(156,'F','2003-02-01',NULL,'2021-09-11 01:18:44','Moscow'),(157,'F','2003-02-18',NULL,'2021-09-11 01:18:44','Moscow'),(158,'F','2003-03-13',NULL,'2021-09-11 01:18:44','Moscow'),(159,'F','2003-09-09',NULL,'2021-09-11 01:18:44','Moscow'),(160,'F','2003-01-07',NULL,'2021-09-11 01:18:44','Moscow'),(161,'F','2003-05-25',NULL,'2021-09-11 01:18:44','Moscow'),(162,'F','2002-10-19',NULL,'2021-09-11 01:18:44','Moscow'),(163,'F','2003-01-06',NULL,'2021-09-11 01:18:44','Moscow'),(164,'F','2003-07-05',NULL,'2021-09-11 01:18:44','Moscow'),(165,'F','2002-12-27',NULL,'2021-09-11 01:18:44','Moscow'),(166,'F','2003-03-25',NULL,'2021-09-11 01:18:44','Moscow'),(167,'F','2003-03-29',NULL,'2021-09-11 01:18:44','Moscow'),(168,'F','2003-08-10',NULL,'2021-09-11 01:18:44','Moscow'),(169,'F','2002-12-30',NULL,'2021-09-11 01:18:44','Moscow'),(170,'F','2003-05-16',NULL,'2021-09-11 01:18:44','Moscow'),(171,'F','2003-08-21',NULL,'2021-09-11 01:18:44','Moscow'),(172,'F','2002-09-22',NULL,'2021-09-11 01:18:44','Moscow'),(173,'F','2002-09-24',NULL,'2021-09-11 01:18:44','Moscow'),(174,'F','2002-12-30',NULL,'2021-09-11 01:18:44','Moscow'),(175,'F','2003-04-29',NULL,'2021-09-11 01:18:44','Moscow'),(176,'F','2003-01-12',NULL,'2021-09-11 01:18:44','Moscow'),(177,'F','2002-10-10',NULL,'2021-09-11 01:18:44','Moscow'),(178,'F','2003-04-04',NULL,'2021-09-11 01:18:44','Moscow'),(179,'F','2003-01-11',NULL,'2021-09-11 01:18:44','Moscow'),(180,'F','2003-01-16',NULL,'2021-09-11 01:18:44','Moscow'),(181,'F','2002-09-29',NULL,'2021-09-11 01:18:44','Moscow'),(182,'F','2003-01-07',NULL,'2021-09-11 01:18:44','Moscow'),(183,'F','2003-06-08',NULL,'2021-09-11 01:18:44','Moscow'),(184,'F','2003-01-04',NULL,'2021-09-11 01:18:44','Moscow'),(185,'F','2003-04-25',NULL,'2021-09-11 01:18:44','Moscow'),(186,'F','2003-03-08',NULL,'2021-09-11 01:18:44','Moscow'),(187,'F','2003-03-23',NULL,'2021-09-11 01:18:44','Moscow'),(188,'F','2003-07-20',NULL,'2021-09-11 01:18:44','Moscow'),(189,'F','2002-11-06',NULL,'2021-09-11 01:18:44','Moscow'),(190,'F','2003-02-11',NULL,'2021-09-11 01:18:44','Moscow'),(191,'F','2003-07-29',NULL,'2021-09-11 01:18:44','Moscow'),(192,'F','2002-09-29',NULL,'2021-09-11 01:18:44','Moscow'),(193,'F','2003-03-17',NULL,'2021-09-11 01:18:44','Moscow'),(194,'F','2002-11-15',NULL,'2021-09-11 01:18:44','Moscow'),(195,'F','2003-07-15',NULL,'2021-09-11 01:18:44','Moscow'),(196,'F','2003-04-25',NULL,'2021-09-11 01:18:44','Moscow'),(197,'F','2002-12-18',NULL,'2021-09-11 01:18:44','Moscow'),(198,'F','2003-04-30',NULL,'2021-09-11 01:18:44','Moscow'),(199,'F','2002-11-11',NULL,'2021-09-11 01:18:44','Moscow'),(200,'F','2002-10-25',NULL,'2021-09-11 01:18:44','Moscow');
/*!40000 ALTER TABLE `profiles` ENABLE KEYS */;
UNLOCK TABLES;

--
-- Table structure for table `users`
--

DROP TABLE IF EXISTS `users`;
/*!40101 SET @saved_cs_client     = @@character_set_client */;
/*!50503 SET character_set_client = utf8mb4 */;
CREATE TABLE `users` (
  `id` bigint unsigned NOT NULL AUTO_INCREMENT,
  `firstname` varchar(50) DEFAULT NULL,
  `lastname` varchar(50) DEFAULT NULL COMMENT 'Фамилия',
  `email` varchar(120) DEFAULT NULL,
  `password_hash` varchar(100) DEFAULT NULL,
  `phone` bigint unsigned DEFAULT NULL,
  PRIMARY KEY (`id`),
  UNIQUE KEY `email` (`email`),
  UNIQUE KEY `phone` (`phone`),
  KEY `users_firstname_lastname_idx` (`firstname`,`lastname`)
) ENGINE=InnoDB AUTO_INCREMENT=201 DEFAULT CHARSET=utf8mb4 COLLATE=utf8mb4_0900_ai_ci COMMENT='юзеры';
/*!40101 SET character_set_client = @saved_cs_client */;

--
-- Dumping data for table `users`
--

LOCK TABLES `users` WRITE;
/*!40000 ALTER TABLE `users` DISABLE KEYS */;
INSERT INTO `users` VALUES (1,'PENELOPE','GUINESS','penelope.guiness@sakila.db','2006-02-15 04:34:33',79101108111),(2,'NICK','WAHLBERG','nick.wahlberg@sakila.db','2006-02-15 04:34:33',79107461199),(3,'ED','CHASE','ed.chase@sakila.db','2006-02-15 04:34:33',79991049711),(4,'JENNIFER','DAVIS','jennifer.davis@sakila.db','2006-02-15 04:34:33',79110105102),(5,'JOHNNY','LOLLOBRIGIDA','johnny.lollobrigida@sakila.db','2006-02-15 04:34:33',79110110121),(6,'BETTE','NICHOLSON','bette.nicholson@sakila.db','2006-02-15 04:34:33',79116101461),(7,'GRACE','MOSTEL','grace.mostel@sakila.db','2006-02-15 04:34:33',79991014610),(8,'MATTHEW','JOHANSSON','matthew.johansson@sakila.db','2006-02-15 04:34:33',79116104101),(9,'JOE','SWANK','joe.swank@sakila.db','2006-02-15 04:34:33',79461151199),(10,'CHRISTIAN','GABLE','christian.gable@sakila.db','2006-02-15 04:34:33',79105115116),(11,'ZERO','CAGE','zero.cage@sakila.db','2006-02-15 04:34:33',79111469997),(12,'KARL','BERRY','karl.berry@sakila.db','2006-02-15 04:34:33',79108469810),(13,'UMA','WOOD','uma.wood@sakila.db','2006-02-15 04:34:33',79461191111),(14,'VIVIEN','BERGEN','vivien.bergen@sakila.db','2006-02-15 04:34:33',79105101110),(15,'CUBA','OLIVIER','cuba.olivier@sakila.db','2006-02-15 04:34:33',79974611110),(16,'FRED','COSTNER','fred.costner@sakila.db','2006-02-15 04:34:33',79100469911),(17,'HELEN','VOIGHT','helen.voight@sakila.db','2006-02-15 04:34:33',79101110461),(18,'DAN','TORN','dan.torn@sakila.db','2006-02-15 04:34:33',79461161111),(19,'BOB','FAWCETT','bob.fawcett@sakila.db','2006-02-15 04:34:33',79461029711),(20,'LUCILLE','TRACY','lucille.tracy@sakila.db','2006-02-15 04:34:33',79105108108),(21,'KIRSTEN','PALTROW','kirsten.paltrow@sakila.db','2006-02-15 04:34:33',79115116101),(22,'ELVIS','MARX','elvis.marx@sakila.db','2006-02-15 04:34:33',79105115461),(23,'SANDRA','KILMER','sandra.kilmer@sakila.db','2006-02-15 04:34:33',79100114974),(24,'CAMERON','STREEP','cameron.streep@sakila.db','2006-02-15 04:34:33',79101114111),(25,'KEVIN','BLOOM','kevin.bloom@sakila.db','2006-02-15 04:34:33',79105110469),(26,'RIP','CRAWFORD','rip.crawford@sakila.db','2006-02-15 04:34:33',79469911497),(27,'JULIA','MCQUEEN','julia.mcqueen@sakila.db','2006-02-15 04:34:33',79105974610),(28,'WOODY','HOFFMAN','woody.hoffman@sakila.db','2006-02-15 04:34:33',79100121461),(29,'ALEC','WAYNE','alec.wayne@sakila.db','2006-02-15 04:34:33',79994611997),(30,'SANDRA','PECK','sandra.peck@sakila.db','2006-02-15 04:34:33',10011497461),(31,'SISSY','SOBIESKI','sissy.sobieski@sakila.db','2006-02-15 04:34:33',79115121461),(32,'TIM','HACKMAN','tim.hackman@sakila.db','2006-02-15 04:34:33',79461049799),(33,'MILLA','PECK','milla.peck@sakila.db','2006-02-15 04:34:33',79108974611),(34,'AUDREY','OLIVIER','audrey.olivier@sakila.db','2006-02-15 04:34:33',79114101121),(35,'JUDY','DEAN','judy.dean@sakila.db','2006-02-15 04:34:33',79121461001),(36,'BURT','DUKAKIS','burt.dukakis@sakila.db','2006-02-15 04:34:33',79116461001),(37,'VAL','BOLGER','val.bolger@sakila.db','2006-02-15 04:34:33',79469811110),(38,'TOM','MCKELLEN','tom.mckellen@sakila.db','2006-02-15 04:34:33',79461099910),(39,'GOLDIE','BRODY','goldie.brody@sakila.db','2006-02-15 04:34:33',79100105101),(40,'JOHNNY','CAGE','johnny.cage@sakila.db','2006-02-15 04:34:33',11011012146),(41,'JODIE','DEGENERES','jodie.degeneres@sakila.db','2006-02-15 04:34:33',79105101461),(42,'TOM','MIRANDA','tom.miranda@sakila.db','2006-02-15 04:34:33',79461091051),(43,'KIRK','JOVOVICH','kirk.jovovich@sakila.db','2006-02-15 04:34:33',79107461061),(44,'NICK','STALLONE','nick.stallone@sakila.db','2006-02-15 04:34:33',79107461151),(45,'REESE','KILMER','reese.kilmer@sakila.db','2006-02-15 04:34:33',79115101461),(46,'PARKER','GOLDBERG','parker.goldberg@sakila.db','2006-02-15 04:34:33',79107101114),(47,'JULIA','BARRYMORE','julia.barrymore@sakila.db','2006-02-15 04:34:33',79105974698),(48,'FRANCES','DAY-LEWIS','frances.day-lewis@sakila.db','2006-02-15 04:34:33',79110991011),(49,'ANNE','CRONYN','anne.cronyn@sakila.db','2006-02-15 04:34:33',79101469911),(50,'NATALIE','HOPKINS','natalie.hopkins@sakila.db','2006-02-15 04:34:33',79971081051),(51,'GARY','PHOENIX','gary.phoenix@sakila.db','2006-02-15 04:34:33',79121461121),(52,'CARMEN','HUNT','carmen.hunt@sakila.db','2006-02-15 04:34:33',79109101110),(53,'MENA','TEMPLE','mena.temple@sakila.db','2006-02-15 04:34:33',79974611610),(54,'PENELOPE','PINKETT','penelope.pinkett@sakila.db','2006-02-15 04:34:33',10110811111),(55,'FAY','KILMER','fay.kilmer@sakila.db','2006-02-15 04:34:33',79461071051),(56,'DAN','HARRIS','dan.harris@sakila.db','2006-02-15 04:34:33',79461049711),(57,'JUDE','CRUISE','jude.cruise@sakila.db','2006-02-15 04:34:33',10146991141),(58,'CHRISTIAN','AKROYD','christian.akroyd@sakila.db','2006-02-15 04:34:33',10511511610),(59,'DUSTIN','TAUTOU','dustin.tautou@sakila.db','2006-02-15 04:34:33',79116105110),(60,'HENRY','BERRY','henry.berry@sakila.db','2006-02-15 04:34:33',79114121469),(61,'CHRISTIAN','NEESON','christian.neeson@sakila.db','2006-02-15 04:34:33',51151161059),(62,'JAYNE','NEESON','jayne.neeson@sakila.db','2006-02-15 04:34:33',79110101461),(63,'CAMERON','WRAY','cameron.wray@sakila.db','2006-02-15 04:34:33',10111411111),(64,'RAY','JOHANSSON','ray.johansson@sakila.db','2006-02-15 04:34:33',79461061111),(65,'ANGELA','HUDSON','angela.hudson@sakila.db','2006-02-15 04:34:33',79101108974),(66,'MARY','TANDY','mary.tandy@sakila.db','2006-02-15 04:34:33',79121461169),(67,'JESSICA','BAILEY','jessica.bailey@sakila.db','2006-02-15 04:34:33',79115105999),(68,'RIP','WINSLET','rip.winslet@sakila.db','2006-02-15 04:34:33',79461191051),(69,'KENNETH','PALTROW','kenneth.paltrow@sakila.db','2006-02-15 04:34:33',79110101116),(70,'MICHELLE','MCCONAUGHEY','michelle.mcconaughey@sakila.db','2006-02-15 04:34:33',79104101108),(71,'ADAM','GRANT','adam.grant@sakila.db','2006-02-15 04:34:33',79109461031),(72,'SEAN','WILLIAMS','sean.williams@sakila.db','2006-02-15 04:34:33',79110461191),(73,'GARY','PENN','gary.penn@sakila.db','2006-02-15 04:34:33',12146112101),(74,'MILLA','KEITEL','milla.keitel@sakila.db','2006-02-15 04:34:33',79108974610),(75,'BURT','POSEY','burt.posey@sakila.db','2006-02-15 04:34:33',79116461121),(76,'ANGELINA','ASTAIRE','angelina.astaire@sakila.db','2006-02-15 04:34:33',79101108105),(77,'CARY','MCCONAUGHEY','cary.mcconaughey@sakila.db','2006-02-15 04:34:33',79121461099),(78,'GROUCHO','SINATRA','groucho.sinatra@sakila.db','2006-02-15 04:34:33',79117991041),(79,'MAE','HOFFMAN','mae.hoffman@sakila.db','2006-02-15 04:34:33',79461041111),(80,'RALPH','CRUZ','ralph.cruz@sakila.db','2006-02-15 04:34:33',79112104469),(81,'SCARLETT','DAMON','scarlett.damon@sakila.db','2006-02-15 04:34:33',79114108101),(82,'WOODY','JOLIE','woody.jolie@sakila.db','2006-02-15 04:34:33',10012146106),(83,'BEN','WILLIS','ben.willis@sakila.db','2006-02-15 04:34:33',46119105108),(84,'JAMES','PITT','james.pitt@sakila.db','2006-02-15 04:34:33',79101115461),(85,'MINNIE','ZELLWEGER','minnie.zellweger@sakila.db','2006-02-15 04:34:33',79110105101),(86,'GREG','CHAPLIN','greg.chaplin@sakila.db','2006-02-15 04:34:33',79103469910),(87,'SPENCER','PECK','spencer.peck@sakila.db','2006-02-15 04:34:33',11099101114),(88,'KENNETH','PESCI','kenneth.pesci@sakila.db','2006-02-15 04:34:33',11010111610),(89,'CHARLIZE','DENCH','charlize.dench@sakila.db','2006-02-15 04:34:33',79114108105),(90,'SEAN','GUINESS','sean.guiness@sakila.db','2006-02-15 04:34:33',79110461031),(91,'CHRISTOPHER','BERRY','christopher.berry@sakila.db','2006-02-15 04:34:33',10511511611),(92,'KIRSTEN','AKROYD','kirsten.akroyd@sakila.db','2006-02-15 04:34:33',11511610111),(93,'ELLEN','PRESLEY','ellen.presley@sakila.db','2006-02-15 04:34:33',10111046112),(94,'KENNETH','TORN','kenneth.torn@sakila.db','2006-02-15 04:34:33',91101011161),(95,'DARYL','WAHLBERG','daryl.wahlberg@sakila.db','2006-02-15 04:34:33',79121108461),(96,'GENE','WILLIS','gene.willis@sakila.db','2006-02-15 04:34:33',79101461191),(97,'MEG','HAWKE','meg.hawke@sakila.db','2006-02-15 04:34:33',46104971191),(98,'CHRIS','BRIDGES','chris.bridges@sakila.db','2006-02-15 04:34:33',79105115469),(99,'JIM','MOSTEL','jim.mostel@sakila.db','2006-02-15 04:34:33',79461091111),(100,'SPENCER','DEPP','spencer.depp@sakila.db','2006-02-15 04:34:33',91109910111),(101,'SUSAN','DAVIS','susan.davis@sakila.db','2006-02-15 04:34:33',79971104610),(102,'WALTER','TORN','walter.torn@sakila.db','2006-02-15 04:34:33',79116101114),(103,'MATTHEW','LEIGH','matthew.leigh@sakila.db','2006-02-15 04:34:33',11610410111),(104,'PENELOPE','CRONYN','penelope.cronyn@sakila.db','2006-02-15 04:34:33',11081111121),(105,'SIDNEY','CROWE','sidney.crowe@sakila.db','2006-02-15 04:34:33',79110101121),(106,'GROUCHO','DUNST','groucho.dunst@sakila.db','2006-02-15 04:34:33',11799104111),(107,'GINA','DEGENERES','gina.degeneres@sakila.db','2006-02-15 04:34:33',79974610010),(108,'WARREN','NOLTE','warren.nolte@sakila.db','2006-02-15 04:34:33',79114101110),(109,'SYLVESTER','DERN','sylvester.dern@sakila.db','2006-02-15 04:34:33',79118101115),(110,'SUSAN','DAVIS','susan.davis@dca.it','2006-02-15 04:34:33',97110461009),(111,'CAMERON','ZELLWEGER','cameron.zellweger@sakila.db','2006-02-15 04:34:33',11141111104),(112,'RUSSELL','BACALL','russell.bacall@sakila.db','2006-02-15 04:34:33',79115101108),(113,'MORGAN','HOPKINS','morgan.hopkins@sakila.db','2006-02-15 04:34:33',79103971104),(114,'MORGAN','MCDORMAND','morgan.mcdormand@sakila.db','2006-02-15 04:34:33',10397110461),(115,'HARRISON','BALE','harrison.bale@sakila.db','2006-02-15 04:34:33',79114105115),(116,'DAN','STREEP','dan.streep@sakila.db','2006-02-15 04:34:33',79461151161),(117,'RENEE','TRACY','renee.tracy@sakila.db','2006-02-15 04:34:33',79101101461),(118,'CUBA','ALLEN','cuba.allen@sakila.db','2006-02-15 04:34:33',79974697108),(119,'WARREN','JACKMAN','warren.jackman@sakila.db','2006-02-15 04:34:33',11410111046),(120,'PENELOPE','MONROE','penelope.monroe@sakila.db','2006-02-15 04:34:33',91011081111),(121,'LIZA','BERGMAN','liza.bergman@sakila.db','2006-02-15 04:34:33',79974698101),(122,'SALMA','NOLTE','salma.nolte@sakila.db','2006-02-15 04:34:33',79109974611),(123,'JULIANNE','DENCH','julianne.dench@sakila.db','2006-02-15 04:34:33',79105971101),(124,'SCARLETT','BENING','scarlett.bening@sakila.db','2006-02-15 04:34:33',11410810111),(125,'ALBERT','NOLTE','albert.nolte@sakila.db','2006-02-15 04:34:33',79101114116),(126,'FRANCES','TOMEI','frances.tomei@sakila.db','2006-02-15 04:34:33',11099101115),(127,'KEVIN','GARLAND','kevin.garland@sakila.db','2006-02-15 04:34:33',79105110461),(128,'CATE','MCQUEEN','cate.mcqueen@sakila.db','2006-02-15 04:34:33',79101461099),(129,'DARYL','CRAWFORD','daryl.crawford@sakila.db','2006-02-15 04:34:33',79121108469),(130,'GRETA','KEITEL','greta.keitel@sakila.db','2006-02-15 04:34:33',79116974610),(131,'JANE','JACKMAN','jane.jackman@sakila.db','2006-02-15 04:34:33',79101461069),(132,'ADAM','HOPPER','adam.hopper@sakila.db','2006-02-15 04:34:33',79109461041),(133,'RICHARD','PENN','richard.penn@sakila.db','2006-02-15 04:34:33',79104971141),(134,'GENE','HOPKINS','gene.hopkins@sakila.db','2006-02-15 04:34:33',79101461041),(135,'RITA','REYNOLDS','rita.reynolds@sakila.db','2006-02-15 04:34:33',79974611410),(136,'ED','MANSFIELD','ed.mansfield@sakila.db','2006-02-15 04:34:33',79109971101),(137,'MORGAN','WILLIAMS','morgan.williams@sakila.db','2006-02-15 04:34:33',39711046119),(138,'LUCILLE','DEE','lucille.dee@sakila.db','2006-02-15 04:34:33',10510810810),(139,'EWAN','GOODING','ewan.gooding@sakila.db','2006-02-15 04:34:33',11046103111),(140,'WHOOPI','HURT','whoopi.hurt@sakila.db','2006-02-15 04:34:33',79111112105),(141,'CATE','HARRIS','cate.harris@sakila.db','2006-02-15 04:34:33',79101461049),(142,'JADA','RYDER','jada.ryder@sakila.db','2006-02-15 04:34:33',79974611412),(143,'RIVER','DEAN','river.dean@sakila.db','2006-02-15 04:34:33',79101114461),(144,'ANGELA','WITHERSPOON','angela.witherspoon@sakila.db','2006-02-15 04:34:33',10110897461),(145,'KIM','ALLEN','kim.allen@sakila.db','2006-02-15 04:34:33',79469710810),(146,'ALBERT','JOHANSSON','albert.johansson@sakila.db','2006-02-15 04:34:33',10111411646),(147,'FAY','WINSLET','fay.winslet@sakila.db','2006-02-15 04:34:33',46119105110),(148,'EMILY','DEE','emily.dee@sakila.db','2006-02-15 04:34:33',79108121461),(149,'RUSSELL','TEMPLE','russell.temple@sakila.db','2006-02-15 04:34:33',11510110810),(150,'JAYNE','NOLTE','jayne.nolte@sakila.db','2006-02-15 04:34:33',11010146110),(151,'GEOFFREY','HESTON','geoffrey.heston@sakila.db','2006-02-15 04:34:33',79102102114),(152,'BEN','HARRIS','ben.harris@sakila.db','2006-02-15 04:34:33',46104971141),(153,'MINNIE','KILMER','minnie.kilmer@sakila.db','2006-02-15 04:34:33',11010510146),(154,'MERYL','GIBSON','meryl.gibson@sakila.db','2006-02-15 04:34:33',12110846103),(155,'IAN','TANDY','ian.tandy@sakila.db','2006-02-15 04:34:33',79461169711),(156,'FAY','WOOD','fay.wood@sakila.db','2006-02-15 04:34:33',46119111111),(157,'GRETA','MALDEN','greta.malden@sakila.db','2006-02-15 04:34:33',11697461099),(158,'VIVIEN','BASINGER','vivien.basinger@sakila.db','2006-02-15 04:34:33',10510111046),(159,'LAURA','BRODY','laura.brody@sakila.db','2006-02-15 04:34:33',79114974698),(160,'CHRIS','DEPP','chris.depp@sakila.db','2006-02-15 04:34:33',10511546100),(161,'HARVEY','HOPE','harvey.hope@sakila.db','2006-02-15 04:34:33',79118101121),(162,'OPRAH','KILMER','oprah.kilmer@sakila.db','2006-02-15 04:34:33',79971044610),(163,'CHRISTOPHER','WEST','christopher.west@sakila.db','2006-02-15 04:34:33',51151161111),(164,'HUMPHREY','WILLIS','humphrey.willis@sakila.db','2006-02-15 04:34:33',79112104114),(165,'AL','GARLAND','al.garland@sakila.db','2006-02-15 04:34:33',79103971141),(166,'NICK','DEGENERES','nick.degeneres@sakila.db','2006-02-15 04:34:33',79107461001),(167,'LAURENCE','BULLOCK','laurence.bullock@sakila.db','2006-02-15 04:34:33',11410111099),(168,'WILL','WILSON','will.wilson@sakila.db','2006-02-15 04:34:33',79108461191),(169,'KENNETH','HOFFMAN','kenneth.hoffman@sakila.db','2006-02-15 04:34:33',10101116104),(170,'MENA','HOPPER','mena.hopper@sakila.db','2006-02-15 04:34:33',79974610411),(171,'OLYMPIA','PFEIFFER','olympia.pfeiffer@sakila.db','2006-02-15 04:34:33',79109112105),(172,'GROUCHO','WILLIAMS','groucho.williams@sakila.db','2006-02-15 04:34:33',79910411146),(173,'ALAN','DREYFUSS','alan.dreyfuss@sakila.db','2006-02-15 04:34:33',79110461001),(174,'MICHAEL','BENING','michael.bening@sakila.db','2006-02-15 04:34:33',79104971011),(175,'WILLIAM','HACKMAN','william.hackman@sakila.db','2006-02-15 04:34:33',79108105971),(176,'JON','CHASE','jon.chase@sakila.db','2006-02-15 04:34:33',79469910497),(177,'GENE','MCKELLEN','gene.mckellen@sakila.db','2006-02-15 04:34:33',10146109991),(178,'LISA','MONROE','lisa.monroe@sakila.db','2006-02-15 04:34:33',79974610911),(179,'ED','GUINESS','ed.guiness@sakila.db','2006-02-15 04:34:33',79103117105),(180,'JEFF','SILVERSTONE','jeff.silverstone@sakila.db','2006-02-15 04:34:33',79102461151),(181,'MATTHEW','CARREY','matthew.carrey@sakila.db','2006-02-15 04:34:33',61041011194),(182,'DEBBIE','AKROYD','debbie.akroyd@sakila.db','2006-02-15 04:34:33',79981051014),(183,'RUSSELL','CLOSE','russell.close@sakila.db','2006-02-15 04:34:33',51011081084),(184,'HUMPHREY','GARLAND','humphrey.garland@sakila.db','2006-02-15 04:34:33',11210411410),(185,'MICHAEL','BOLGER','michael.bolger@sakila.db','2006-02-15 04:34:33',10497101108),(186,'JULIA','ZELLWEGER','julia.zellweger@sakila.db','2006-02-15 04:34:33',79105974612),(187,'RENEE','BALL','renee.ball@sakila.db','2006-02-15 04:34:33',79101101469),(188,'ROCK','DUKAKIS','rock.dukakis@sakila.db','2006-02-15 04:34:33',10746100117),(189,'CUBA','BIRCH','cuba.birch@sakila.db','2006-02-15 04:34:33',79974698105),(190,'AUDREY','BAILEY','audrey.bailey@sakila.db','2006-02-15 04:34:33',11410112146),(191,'GREGORY','GOODING','gregory.gooding@sakila.db','2006-02-15 04:34:33',79103111114),(192,'JOHN','SUVARI','john.suvari@sakila.db','2006-02-15 04:34:33',79110461151),(193,'BURT','TEMPLE','burt.temple@sakila.db','2006-02-15 04:34:33',79116461161),(194,'MERYL','ALLEN','meryl.allen@sakila.db','2006-02-15 04:34:33',12110846971),(195,'JAYNE','SILVERSTONE','jayne.silverstone@sakila.db','2006-02-15 04:34:33',11010146115),(196,'BELA','WALKEN','bela.walken@sakila.db','2006-02-15 04:34:33',79974611997),(197,'REESE','WEST','reese.west@sakila.db','2006-02-15 04:34:33',11510146119),(198,'MARY','KEITEL','mary.keitel@sakila.db','2006-02-15 04:34:33',79121461071),(199,'JULIA','FAWCETT','julia.fawcett@sakila.db','2006-02-15 04:34:33',10597461029),(200,'THORA','TEMPLE','thora.temple@sakila.db','2006-02-15 04:34:33',79114974611);
/*!40000 ALTER TABLE `users` ENABLE KEYS */;
UNLOCK TABLES;

--
-- Table structure for table `users_communities`
--

DROP TABLE IF EXISTS `users_communities`;
/*!40101 SET @saved_cs_client     = @@character_set_client */;
/*!50503 SET character_set_client = utf8mb4 */;
CREATE TABLE `users_communities` (
  `user_id` bigint unsigned NOT NULL,
  `community_id` bigint unsigned NOT NULL,
  PRIMARY KEY (`user_id`,`community_id`),
  KEY `community_id` (`community_id`),
  CONSTRAINT `users_communities_ibfk_1` FOREIGN KEY (`user_id`) REFERENCES `users` (`id`),
  CONSTRAINT `users_communities_ibfk_2` FOREIGN KEY (`community_id`) REFERENCES `communities` (`id`)
) ENGINE=InnoDB DEFAULT CHARSET=utf8mb4 COLLATE=utf8mb4_0900_ai_ci;
/*!40101 SET character_set_client = @saved_cs_client */;

--
-- Dumping data for table `users_communities`
--

LOCK TABLES `users_communities` WRITE;
/*!40000 ALTER TABLE `users_communities` DISABLE KEYS */;
INSERT INTO `users_communities` VALUES (1,1),(2,1),(3,1),(4,1),(5,1),(6,1),(7,1),(8,1),(9,1),(10,1),(11,1),(12,1),(13,1),(14,1),(15,1),(16,1),(17,1),(18,1),(19,1),(20,1),(21,1),(22,1),(23,1),(24,1),(25,1),(26,1),(27,1),(28,1),(29,1),(30,1),(31,1),(32,1),(33,1),(34,1),(35,1),(36,1),(37,1),(38,1),(39,1),(40,1),(41,1),(42,1),(43,1),(44,1),(45,1),(46,1),(47,1),(48,1),(49,1),(50,1),(51,1),(52,1),(53,1),(54,1),(55,1),(56,1),(57,1),(58,1),(59,1),(60,1),(61,1),(62,1),(63,1),(64,1),(65,1),(66,1),(67,1),(68,1),(69,1),(70,1),(71,1),(72,1),(73,1),(74,1),(75,1),(76,1),(77,1),(78,1),(79,1),(80,1),(81,1),(82,1),(83,1),(84,1),(85,1),(86,1),(87,1),(88,1),(89,1),(90,1),(91,1),(92,1),(93,1),(94,1),(95,1),(96,1),(97,1),(98,1),(99,1),(100,1),(101,1),(102,1),(103,1),(104,1),(105,1),(106,1),(107,1),(108,1),(109,1),(110,1),(111,1),(112,1),(113,1),(114,1),(115,1),(116,1),(117,1),(118,1),(119,1),(120,1),(121,1),(122,1),(123,1),(124,1),(125,1),(126,1),(127,1),(128,1),(129,1),(130,1),(131,1),(132,1),(133,1),(134,1),(135,1),(136,1),(137,1),(138,1),(139,1),(140,1),(141,1),(142,1),(143,1),(144,1),(145,1),(146,1),(147,1),(148,1),(149,1),(150,1),(151,1),(152,1),(153,1),(154,1),(155,1),(156,1),(157,1),(158,1),(159,1),(160,1),(161,1),(162,1),(163,1),(164,1),(165,1),(166,1),(167,1),(168,1),(169,1),(170,1),(171,1),(172,1),(173,1),(174,1),(175,1),(176,1),(177,1),(178,1),(179,1),(180,1),(181,1),(182,1),(183,1),(184,1),(185,1),(186,1),(187,1),(188,1),(189,1),(190,1),(191,1),(192,1),(193,1),(194,1),(195,1),(196,1),(197,1),(198,1),(199,1),(200,1),(1,2),(2,2),(3,2),(4,2),(5,2),(6,2),(7,2),(8,2),(9,2),(10,2),(11,2),(12,2),(13,2),(14,2),(15,2),(16,2),(17,2),(18,2),(19,2),(20,2),(21,2),(22,2),(23,2),(24,2),(25,2),(26,2),(27,2),(28,2),(29,2),(30,2),(31,2),(32,2),(33,2),(34,2),(35,2),(36,2),(37,2),(38,2),(39,2),(40,2),(41,2),(42,2),(43,2),(44,2),(45,2),(46,2),(47,2),(48,2),(49,2),(50,2),(51,2),(52,2),(53,2),(54,2),(55,2),(56,2),(57,2),(58,2),(59,2),(60,2),(61,2),(62,2),(63,2),(64,2),(65,2),(66,2),(67,2),(68,2),(69,2),(70,2),(71,2),(72,2),(73,2),(74,2),(75,2),(76,2),(77,2),(78,2),(79,2),(80,2),(81,2),(82,2),(83,2),(84,2),(85,2),(86,2),(87,2),(88,2),(89,2),(90,2),(91,2),(92,2),(93,2),(94,2),(95,2),(96,2),(97,2),(98,2),(99,2),(100,2),(101,2),(102,2),(103,2),(104,2),(105,2),(106,2),(107,2),(108,2),(109,2),(110,2),(111,2),(112,2),(113,2),(114,2),(115,2),(116,2),(117,2),(118,2),(119,2),(120,2),(121,2),(122,2),(123,2),(124,2),(125,2),(126,2),(127,2),(128,2),(129,2),(130,2),(131,2),(132,2),(133,2),(134,2),(135,2),(136,2),(137,2),(138,2),(139,2),(140,2),(141,2),(142,2),(143,2),(144,2),(145,2),(146,2),(147,2),(148,2),(149,2),(150,2),(151,2),(152,2),(153,2),(154,2),(155,2),(156,2),(157,2),(158,2),(159,2),(160,2),(161,2),(162,2),(163,2),(164,2),(165,2),(166,2),(167,2),(168,2),(169,2),(170,2),(171,2),(172,2),(173,2),(174,2),(175,2),(176,2),(177,2),(178,2),(179,2),(180,2),(181,2),(182,2),(183,2),(184,2),(185,2),(186,2),(187,2),(188,2),(189,2),(190,2),(191,2),(192,2),(193,2),(194,2),(195,2),(196,2),(197,2),(198,2),(199,2),(200,2),(1,3),(2,3),(3,3),(4,3),(5,3),(6,3),(7,3),(8,3),(9,3),(10,3),(11,3),(12,3),(13,3),(14,3),(15,3),(16,3),(17,3),(18,3),(19,3),(20,3),(21,3),(22,3),(23,3),(24,3),(25,3),(26,3),(27,3),(28,3),(29,3),(30,3),(31,3),(32,3),(33,3),(34,3),(35,3),(36,3),(37,3),(38,3),(39,3),(40,3),(41,3),(42,3),(43,3),(44,3),(45,3),(46,3),(47,3),(48,3),(49,3),(50,3),(51,3),(52,3),(53,3),(54,3),(55,3),(56,3),(57,3),(58,3),(59,3),(60,3),(61,3),(62,3),(63,3),(64,3),(65,3),(66,3),(67,3),(68,3),(69,3),(70,3),(71,3),(72,3),(73,3),(74,3),(75,3),(76,3),(77,3),(78,3),(79,3),(80,3),(81,3),(82,3),(83,3),(84,3),(85,3),(86,3),(87,3),(88,3),(89,3),(90,3),(91,3),(92,3),(93,3),(94,3),(95,3),(96,3),(97,3),(98,3),(99,3),(100,3),(101,3),(102,3),(103,3),(104,3),(105,3),(106,3),(107,3),(108,3),(109,3),(110,3),(111,3),(112,3),(113,3),(114,3),(115,3),(116,3),(117,3),(118,3),(119,3),(120,3),(121,3),(122,3),(123,3),(124,3),(125,3),(126,3),(127,3),(128,3),(129,3),(130,3),(131,3),(132,3),(133,3),(134,3),(135,3),(136,3),(137,3),(138,3),(139,3),(140,3),(141,3),(142,3),(143,3),(144,3),(145,3),(146,3),(147,3),(148,3),(149,3),(150,3),(151,3),(152,3),(153,3),(154,3),(155,3),(156,3),(157,3),(158,3),(159,3),(160,3),(161,3),(162,3),(163,3),(164,3),(165,3),(166,3),(167,3),(168,3),(169,3),(170,3),(171,3),(172,3),(173,3),(174,3),(175,3),(176,3),(177,3),(178,3),(179,3),(180,3),(181,3),(182,3),(183,3),(184,3),(185,3),(186,3),(187,3),(188,3),(189,3),(190,3),(191,3),(192,3),(193,3),(194,3),(195,3),(196,3),(197,3),(198,3),(199,3),(200,3),(1,4),(2,4),(3,4),(4,4),(5,4),(6,4),(7,4),(8,4),(9,4),(10,4),(11,4),(12,4),(13,4),(14,4),(15,4),(16,4),(17,4),(18,4),(19,4),(20,4),(21,4),(22,4),(23,4),(24,4),(25,4),(26,4),(27,4),(28,4),(29,4),(30,4),(31,4),(32,4),(33,4),(34,4),(35,4),(36,4),(37,4),(38,4),(39,4),(40,4),(41,4),(42,4),(43,4),(44,4),(45,4),(46,4),(47,4),(48,4),(49,4),(50,4),(51,4),(52,4),(53,4),(54,4),(55,4),(56,4),(57,4),(58,4),(59,4),(60,4),(61,4),(62,4),(63,4),(64,4),(65,4),(66,4),(67,4),(68,4),(69,4),(70,4),(71,4),(72,4),(73,4),(74,4),(75,4),(76,4),(77,4),(78,4),(79,4),(80,4),(81,4),(82,4),(83,4),(84,4),(85,4),(86,4),(87,4),(88,4),(89,4),(90,4),(91,4),(92,4),(93,4),(94,4),(95,4),(96,4),(97,4),(98,4),(99,4),(100,4),(101,4),(102,4),(103,4),(104,4),(105,4),(106,4),(107,4),(108,4),(109,4),(110,4),(111,4),(112,4),(113,4),(114,4),(115,4),(116,4),(117,4),(118,4),(119,4),(120,4),(121,4),(122,4),(123,4),(124,4),(125,4),(126,4),(127,4),(128,4),(129,4),(130,4),(131,4),(132,4),(133,4),(134,4),(135,4),(136,4),(137,4),(138,4),(139,4),(140,4),(141,4),(142,4),(143,4),(144,4),(145,4),(146,4),(147,4),(148,4),(149,4),(150,4),(151,4),(152,4),(153,4),(154,4),(155,4),(156,4),(157,4),(158,4),(159,4),(160,4),(161,4),(162,4),(163,4),(164,4),(165,4),(166,4),(167,4),(168,4),(169,4),(170,4),(171,4),(172,4),(173,4),(174,4),(175,4),(176,4),(177,4),(178,4),(179,4),(180,4),(181,4),(182,4),(183,4),(184,4),(185,4),(186,4),(187,4),(188,4),(189,4),(190,4),(191,4),(192,4),(193,4),(194,4),(195,4),(196,4),(197,4),(198,4),(199,4),(200,4),(1,5),(2,5),(3,5),(4,5),(5,5),(6,5),(7,5),(8,5),(9,5),(10,5),(11,5),(12,5),(13,5),(14,5),(15,5),(16,5),(17,5),(18,5),(19,5),(20,5),(21,5),(22,5),(23,5),(24,5),(25,5),(26,5),(27,5),(28,5),(29,5),(30,5),(31,5),(32,5),(33,5),(34,5),(35,5),(36,5),(37,5),(38,5),(39,5),(40,5),(41,5),(42,5),(43,5),(44,5),(45,5),(46,5),(47,5),(48,5),(49,5),(50,5),(51,5),(52,5),(53,5),(54,5),(55,5),(56,5),(57,5),(58,5),(59,5),(60,5),(61,5),(62,5),(63,5),(64,5),(65,5),(66,5),(67,5),(68,5),(69,5),(70,5),(71,5),(72,5),(73,5),(74,5),(75,5),(76,5),(77,5),(78,5),(79,5),(80,5),(81,5),(82,5),(83,5),(84,5),(85,5),(86,5),(87,5),(88,5),(89,5),(90,5),(91,5),(92,5),(93,5),(94,5),(95,5),(96,5),(97,5),(98,5),(99,5),(100,5),(101,5),(102,5),(103,5),(104,5),(105,5),(106,5),(107,5),(108,5),(109,5),(110,5),(111,5),(112,5),(113,5),(114,5),(115,5),(116,5),(117,5),(118,5),(119,5),(120,5),(121,5),(122,5),(123,5),(124,5),(125,5),(126,5),(127,5),(128,5),(129,5),(130,5),(131,5),(132,5),(133,5),(134,5),(135,5),(136,5),(137,5),(138,5),(139,5),(140,5),(141,5),(142,5),(143,5),(144,5),(145,5),(146,5),(147,5),(148,5),(149,5),(150,5),(151,5),(152,5),(153,5),(154,5),(155,5),(156,5),(157,5),(158,5),(159,5),(160,5),(161,5),(162,5),(163,5),(164,5),(165,5),(166,5),(167,5),(168,5),(169,5),(170,5),(171,5),(172,5),(173,5),(174,5),(175,5),(176,5),(177,5),(178,5),(179,5),(180,5),(181,5),(182,5),(183,5),(184,5),(185,5),(186,5),(187,5),(188,5),(189,5),(190,5),(191,5),(192,5),(193,5),(194,5),(195,5),(196,5),(197,5),(198,5),(199,5),(200,5),(1,6),(2,6),(3,6),(4,6),(5,6),(6,6),(7,6),(8,6),(9,6),(10,6),(11,6),(12,6),(13,6),(14,6),(15,6),(16,6),(17,6),(18,6),(19,6),(20,6),(21,6),(22,6),(23,6),(24,6),(25,6),(26,6),(27,6),(28,6),(29,6),(30,6),(31,6),(32,6),(33,6),(34,6),(35,6),(36,6),(37,6),(38,6),(39,6),(40,6),(41,6),(42,6),(43,6),(44,6),(45,6),(46,6),(47,6),(48,6),(49,6),(50,6),(51,6),(52,6),(53,6),(54,6),(55,6),(56,6),(57,6),(58,6),(59,6),(60,6),(61,6),(62,6),(63,6),(64,6),(65,6),(66,6),(67,6),(68,6),(69,6),(70,6),(71,6),(72,6),(73,6),(74,6),(75,6),(76,6),(77,6),(78,6),(79,6),(80,6),(81,6),(82,6),(83,6),(84,6),(85,6),(86,6),(87,6),(88,6),(89,6),(90,6),(91,6),(92,6),(93,6),(94,6),(95,6),(96,6),(97,6),(98,6),(99,6),(100,6),(101,6),(102,6),(103,6),(104,6),(105,6),(106,6),(107,6),(108,6),(109,6),(110,6),(111,6),(112,6),(113,6),(114,6),(115,6),(116,6),(117,6),(118,6),(119,6),(120,6),(121,6),(122,6),(123,6),(124,6),(125,6),(126,6),(127,6),(128,6),(129,6),(130,6),(131,6),(132,6),(133,6),(134,6),(135,6),(136,6),(137,6),(138,6),(139,6),(140,6),(141,6),(142,6),(143,6),(144,6),(145,6),(146,6),(147,6),(148,6),(149,6),(150,6),(151,6),(152,6),(153,6),(154,6),(155,6),(156,6),(157,6),(158,6),(159,6),(160,6),(161,6),(162,6),(163,6),(164,6),(165,6),(166,6),(167,6),(168,6),(169,6),(170,6),(171,6),(172,6),(173,6),(174,6),(175,6),(176,6),(177,6),(178,6),(179,6),(180,6),(181,6),(182,6),(183,6),(184,6),(185,6),(186,6),(187,6),(188,6),(189,6),(190,6),(191,6),(192,6),(193,6),(194,6),(195,6),(196,6),(197,6),(198,6),(199,6),(200,6),(1,7),(2,7),(3,7),(4,7),(5,7),(6,7),(7,7),(8,7),(9,7),(10,7),(11,7),(12,7),(13,7),(14,7),(15,7),(16,7),(17,7),(18,7),(19,7),(20,7),(21,7),(22,7),(23,7),(24,7),(25,7),(26,7),(27,7),(28,7),(29,7),(30,7),(31,7),(32,7),(33,7),(34,7),(35,7),(36,7),(37,7),(38,7),(39,7),(40,7),(41,7),(42,7),(43,7),(44,7),(45,7),(46,7),(47,7),(48,7),(49,7),(50,7),(51,7),(52,7),(53,7),(54,7),(55,7),(56,7),(57,7),(58,7),(59,7),(60,7),(61,7),(62,7),(63,7),(64,7),(65,7),(66,7),(67,7),(68,7),(69,7),(70,7),(71,7),(72,7),(73,7),(74,7),(75,7),(76,7),(77,7),(78,7),(79,7),(80,7),(81,7),(82,7),(83,7),(84,7),(85,7),(86,7),(87,7),(88,7),(89,7),(90,7),(91,7),(92,7),(93,7),(94,7),(95,7),(96,7),(97,7),(98,7),(99,7),(100,7),(101,7),(102,7),(103,7),(104,7),(105,7),(106,7),(107,7),(108,7),(109,7),(110,7),(111,7),(112,7),(113,7),(114,7),(115,7),(116,7),(117,7),(118,7),(119,7),(120,7),(121,7),(122,7),(123,7),(124,7),(125,7),(126,7),(127,7),(128,7),(129,7),(130,7),(131,7),(132,7),(133,7),(134,7),(135,7),(136,7),(137,7),(138,7),(139,7),(140,7),(141,7),(142,7),(143,7),(144,7),(145,7),(146,7),(147,7),(148,7),(149,7),(150,7),(151,7),(152,7),(153,7),(154,7),(155,7),(156,7),(157,7),(158,7),(159,7),(160,7),(161,7),(162,7),(163,7),(164,7),(165,7),(166,7),(167,7),(168,7),(169,7),(170,7),(171,7),(172,7),(173,7),(174,7),(175,7),(176,7),(177,7),(178,7),(179,7),(180,7),(181,7),(182,7),(183,7),(184,7),(185,7),(186,7),(187,7),(188,7),(189,7),(190,7),(191,7),(192,7),(193,7),(194,7),(195,7),(196,7),(197,7),(198,7),(199,7),(200,7);
/*!40000 ALTER TABLE `users_communities` ENABLE KEYS */;
UNLOCK TABLES;
/*!40103 SET TIME_ZONE=@OLD_TIME_ZONE */;

/*!40101 SET SQL_MODE=@OLD_SQL_MODE */;
/*!40014 SET FOREIGN_KEY_CHECKS=@OLD_FOREIGN_KEY_CHECKS */;
/*!40014 SET UNIQUE_CHECKS=@OLD_UNIQUE_CHECKS */;
/*!40101 SET CHARACTER_SET_CLIENT=@OLD_CHARACTER_SET_CLIENT */;
/*!40101 SET CHARACTER_SET_RESULTS=@OLD_CHARACTER_SET_RESULTS */;
/*!40101 SET COLLATION_CONNECTION=@OLD_COLLATION_CONNECTION */;
/*!40111 SET SQL_NOTES=@OLD_SQL_NOTES */;

-- Dump completed on 2021-09-12 23:38:23
